time,seconds_elapsed,z,y,x
1772574501483885600,0.176885498046875,0,0,0
1772574501493801200,0.18680126953125,-0.03567028045654297,0.012661457061767578,-0.011012434959411621
1772574501503730700,0.196730712890625,-0.08405303955078125,0.02795112133026123,0.003347337245941162
1772574501513636000,0.206635986328125,-0.08059501647949219,0.017691612243652344,-0.025642693042755127
1772574501533530000,0.226530029296875,-0.0690450668334961,-0.0003268718719482422,-0.0009593963623046875
1772574501543475200,0.23647509765625,-0.06705188751220703,-0.03706645965576172,0.017984449863433838
1772574501553414000,0.246413818359375,-0.06668853759765625,-0.049135684967041016,0.02661764621734619
1772574501563356200,0.256356201171875,-0.07164382934570312,-0.047785282135009766,0.035436272621154785
1772574501573253600,0.266253662109375,-0.09424781799316406,-0.05951964855194092,0.05757862329483032
1772574501583178000,0.276177978515625,-0.12888431549072266,-0.05235588550567627,0.06588238477706909
1772574501593121500,0.28612158203125,-0.1398458480834961,-0.005857706069946289,0.0610957145690918
1772574501603053600,0.296053466796875,-0.12007427215576172,0.006571531295776367,0.05242037773132324
1772574501612966100,0.305966064453125,-0.1025390625,-0.029889822006225586,0.07563167810440063
1772574501622890200,0.31589013671875,-0.046581268310546875,-0.027557849884033203,0.06611418724060059
1772574501632855300,0.325855224609375,0.005637168884277344,-0.06120157241821289,0.07527369260787964
1772574501642796000,0.335796142578125,0.04128742218017578,-0.06595242023468018,0.09342944622039795
1772574501652725800,0.345725830078125,0.052521705627441406,-0.05274760723114014,0.07043665647506714
1772574501662662100,0.355662109375,0.04065513610839844,-0.021861791610717773,0.058827221393585205
1772574501672585000,0.3655849609375,0.05679130554199219,-0.005920529365539551,0.0895155668258667
1772574501682516000,0.375515869140625,0.09054374694824219,-0.013432860374450684,0.11008641123771667
1772574501692447700,0.38544775390625,0.0727386474609375,-0.016331911087036133,0.07546085119247437
1772574501702379300,0.395379150390625,0.04211711883544922,-0.00548398494720459,0.03316372632980347
1772574501712289500,0.40528955078125,0.06791973114013672,-0.004645943641662598,0.02875804901123047
1772574501722212600,0.415212646484375,0.07903861999511719,0.004964590072631836,0.028807342052459717
1772574501732181800,0.425181640625,0.0299835205078125,0.0003031492233276367,0.028413355350494385
1772574501742123300,0.435123291015625,0.0012445449829101562,-0.013604879379272461,0.00021064281463623047
1772574501752008700,0.4450087890625,0.010449409484863281,0.000756382942199707,-0.013353466987609863
1772574501761927700,0.454927734375,0.02859210968017578,0.03783285617828369,-0.007885098457336426
1772574501771917300,0.464917236328125,0.06467437744140625,0.03216540813446045,0.01602005958557129
1772574501781864700,0.47486474609375,0.09508132934570312,0.017161965370178223,0.025587797164916992
1772574501791739400,0.484739501953125,0.06440067291259766,0.0023616552352905273,0.012297213077545166
1772574501801679600,0.4946796875,0.011570930480957031,-0.007744312286376953,-0.046504855155944824
1772574501811619300,0.504619384765625,-0.011757850646972656,-0.0365598201751709,-0.061715006828308105
1772574501821559600,0.5145595703125,-0.034423828125,-0.0600435733795166,-0.05340778827667236
1772574501831482400,0.524482421875,-0.005298614501953125,-0.02251899242401123,-0.06453049182891846
1772574501841420800,0.5344208984375,0.004427909851074219,-0.018945932388305664,-0.06619322299957275
1772574501851345400,0.544345458984375,-0.009405136108398438,-0.015596389770507812,-0.07265770435333252
1772574501861282600,0.554282470703125,-0.06955909729003906,-0.012464165687561035,-0.10743182897567749
1772574501871209700,0.564209716796875,-0.020956039428710938,0.00964498519897461,-0.09534209966659546
1772574501881145900,0.574145751953125,0.049739837646484375,-0.015433907508850098,-0.0985879898071289
1772574501891108900,0.58410888671875,0.10477161407470703,-0.012502789497375488,-0.08873063325881958
1772574501901047600,0.594047607421875,0.10722732543945312,-0.015063285827636719,-0.06967389583587646
1772574501910944800,0.60394482421875,0.20339584350585938,0.02361297607421875,-0.09765738248825073
1772574501920879600,0.613879638671875,0.3118095397949219,0.022022366523742676,-0.06877273321151733
1772574501930804200,0.62380419921875,0.35749340057373047,0.021757006645202637,-0.008163034915924072
1772574501940737800,0.63373779296875,0.28556060791015625,0.03228342533111572,-0.010400652885437012
1772574501950675500,0.643675537109375,0.1873769760131836,-0.020739316940307617,-0.07430130243301392
1772574501960609500,0.653609619140625,0.07724952697753906,-0.012537121772766113,-0.10535389184951782
1772574501970543400,0.66354345703125,0.020971298217773438,0.03767561912536621,-0.07544189691543579
1772574501980477400,0.6734775390625,-0.006079673767089844,0.07791101932525635,-0.07956695556640625
1772574501990405400,0.6834052734375,-0.009317398071289062,0.019705653190612793,-0.08534467220306396
1772574502000338700,0.693338623046875,0.043697357177734375,-0.041188836097717285,-0.03159075975418091
1772574502010273500,0.7032734375,0.029891014099121094,-0.03497028350830078,-0.008056223392486572
1772574502020207000,0.71320703125,0.007006645202636719,0.013655304908752441,-0.012030363082885742
1772574502030154500,0.723154541015625,-0.062419891357421875,0.02897059917449951,0.00013303756713867188
1772574502040089600,0.733089599609375,-0.18711471557617188,0.030830979347229004,0.07002556324005127
1772574502050018800,0.743018798828125,-0.3427753448486328,0.05361044406890869,0.11309131979942322
1772574502059953200,0.752953125,-0.4820442199707031,-0.04784870147705078,0.02166593074798584
1772574502069889500,0.7628896484375,-0.4877758026123047,-0.04485273361206055,-0.0206223726272583
1772574502079824100,0.77282421875,-0.37603759765625,-0.02469503879547119,0.1697811782360077
1772574502089744400,0.782744384765625,-0.3181924819946289,0.016675472259521484,0.2227204442024231
1772574502099677700,0.792677734375,-0.35553550720214844,0.021274805068969727,0.14573875069618225
1772574502109618200,0.8026181640625,-0.3264274597167969,-0.006218552589416504,0.02815920114517212
1772574502119552300,0.81255224609375,-0.16147232055664062,-0.04184675216674805,-0.06125873327255249
1772574502129479700,0.822479736328125,0.12779808044433594,-0.05835294723510742,-0.052315592765808105
1772574502139413000,0.8324130859375,0.26651763916015625,-0.06248295307159424,-0.006404101848602295
1772574502149350400,0.842350341796875,0.3138446807861328,-0.04561436176300049,0.006474494934082031
1772574502159284000,0.852283935546875,0.26187705993652344,-0.026835083961486816,-0.04599064588546753
1772574502169207300,0.862207275390625,0.23454570770263672,-0.01463007926940918,-0.08776915073394775
1772574502179139800,0.872139892578125,0.3208484649658203,0.01965641975402832,-0.09108048677444458
1772574502189071600,0.882071533203125,0.4342021942138672,0.051818013191223145,-0.03732091188430786
1772574502199004200,0.892004150390625,0.38596057891845703,0.0196988582611084,0.0021973252296447754
1772574502208939300,0.901939208984375,0.20707130432128906,0.004348397254943848,0.013363897800445557
1772574502218872000,0.9118720703125,0.036087989807128906,0.04437124729156494,-0.01778125762939453
1772574502228805400,0.921805419921875,-0.01907634735107422,0.08372676372528076,-0.02106553316116333
1772574502238738200,0.93173828125,0.020742416381835938,0.06654167175292969,0.017400741577148438
1772574502248666600,0.94166650390625,0.05047607421875,0.002764105796813965,0.03177797794342041
1772574502258599000,0.951598876953125,-0.04259777069091797,-0.03690826892852783,0.04633134603500366
1772574502268504600,0.961504638671875,-0.19057941436767578,-0.043013572692871094,0.03270047903060913
1772574502278434300,0.971434326171875,-0.24210262298583984,-0.04330623149871826,-0.014515995979309082
1772574502288392000,0.981391845703125,-0.21770095825195312,-0.01856374740600586,-0.014957785606384277
1772574502298324200,0.99132421875,-0.27869129180908203,0.007473349571228027,-0.0012366175651550293
1772574502308269800,1.001269775390625,-0.43300628662109375,-0.002695441246032715,0.01835864782333374
1772574502318203600,1.01120361328125,-0.4862499237060547,-0.009769558906555176,-0.01366347074508667
1772574502328123400,1.021123291015625,-0.3650951385498047,-0.0038951635360717773,-0.029519200325012207
1772574502338055700,1.0310556640625,-0.21821308135986328,-0.00023746490478515625,0.014171957969665527
1772574502347976000,1.040975830078125,-0.144683837890625,-0.0419466495513916,0.02384573221206665
1772574502357907000,1.050906982421875,-0.03957939147949219,-0.025731444358825684,-0.024000823497772217
1772574502367852300,1.060852294921875,0.12023162841796875,-0.03352081775665283,-0.053317248821258545
1772574502377784800,1.070784912109375,0.2586650848388672,-0.05152487754821777,-0.040007829666137695
1772574502387694000,1.080694091796875,0.33866310119628906,-0.04772078990936279,-0.02567315101623535
1772574502397624300,1.090624267578125,0.30474185943603516,0.0005086660385131836,-0.09082227945327759
1772574502407585800,1.100585693359375,0.23395919799804688,0.0645294189453125,-0.13711220026016235
1772574502417519000,1.11051904296875,0.1502971649169922,0.06004166603088379,-0.03881263732910156
1772574502427455700,1.120455810546875,0.03033733367919922,0.022279739379882812,0.014292001724243164
1772574502437389600,1.1303896484375,-0.07354545593261719,0.04220223426818848,0.03395193815231323
1772574502457254700,1.150254638671875,0.013112068176269531,0.03733658790588379,-0.03984975814819336
1772574502467175200,1.160175048828125,0.040950775146484375,0.012708663940429688,0.0040016770362854
1772574502477107200,1.170107177734375,0.021318435668945312,0.002129197120666504,-0.03280001878738403
1772574502487040500,1.18004052734375,-0.0261688232421875,-0.027890563011169434,-0.07906585931777954
1772574502496972800,1.189972900390625,-0.05874919891357422,-0.01515185832977295,-0.026124179363250732
1772574502506906600,1.19990673828125,-0.15675926208496094,0.00749516487121582,0.04076254367828369
1772574502516839200,1.209839111328125,-0.20146751403808594,0.017070531845092773,-0.010018229484558105
1772574502526772500,1.2197724609375,-0.1890735626220703,0.004166722297668457,-0.06421631574630737
1772574502536705300,1.229705322265625,-0.10643959045410156,0.006712555885314941,-0.0661020278930664
1772574502546645200,1.239645263671875,-0.07707405090332031,0.0002957582473754883,-0.0589560866355896
1772574502556578800,1.249578857421875,-0.10000133514404297,-0.029258370399475098,-0.04671645164489746
1772574502566504200,1.259504150390625,-0.10851383209228516,-0.0009119510650634766,-0.08124852180480957
1772574502576436700,1.269436767578125,-0.06524181365966797,0.023226380348205566,-0.0778082013130188
1772574502586367200,1.2793671875,-0.04631996154785156,0.0002636909484863281,-0.032575249671936035
1772574502596299500,1.289299560546875,0.05229473114013672,0.025084733963012695,-0.04457050561904907
1772574502606218200,1.29921826171875,0.09758377075195312,0.020846128463745117,-0.00844639539718628
1772574502616149200,1.309149169921875,0.05749797821044922,0.002072572708129883,-0.03310823440551758
1772574502626094000,1.319093994140625,0.10291862487792969,0.0019524097442626953,-0.05715930461883545
1772574502636026400,1.3290263671875,0.14292049407958984,0.019636154174804688,-0.08707600831985474
1772574502645958000,1.3389580078125,0.11652088165283203,-0.016398191452026367,-0.08889961242675781
1772574502655890200,1.34889013671875,0.06718158721923828,-0.014707565307617188,-0.10811907052993774
1772574502665830700,1.35883056640625,0.07991790771484375,0.0478290319442749,-0.023513197898864746
1772574502675764000,1.368763916015625,0.09253311157226562,0.03320157527923584,-0.011204957962036133
1772574502685695700,1.37869580078125,0.0673666000366211,0.05159652233123779,-0.0026649832725524902
1772574502695628500,1.388628662109375,0.019181251525878906,0.05516409873962402,0.015966415405273438
1772574502705567000,1.39856689453125,-0.042311668395996094,0.016118764877319336,0.02472388744354248
1772574502715500500,1.40850048828125,-0.04160022735595703,0.0013927221298217773,-0.009287834167480469
1772574502725421300,1.41842138671875,-0.03154468536376953,-0.022103428840637207,-0.042832255363464355
1772574502735353600,1.428353515625,-0.08761119842529297,-0.026191115379333496,-0.0006225705146789551
1772574502745294600,1.438294677734375,-0.09575366973876953,-0.0012555122375488281,0.012631595134735107
1772574502755228000,1.448227783203125,-0.11334419250488281,0.03870069980621338,0.03529775142669678
1772574502765156000,1.458156005859375,-0.12139511108398438,0.02741110324859619,0.024554193019866943
1772574502775088600,1.468088623046875,-0.06823348999023438,0.026555299758911133,0.023060977458953857
1772574502785016300,1.478016357421875,0.031070709228515625,0.021304011344909668,0.03071039915084839
1772574502794948600,1.487948486328125,0.11938953399658203,-0.0031107664108276367,0.01044166088104248
1772574502804855300,1.497855224609375,0.16881942749023438,-0.00047194957733154297,0.03811371326446533
1772574502814785000,1.507784912109375,0.1564788818359375,-0.0041664838790893555,0.056750476360321045
1772574502824745500,1.517745361328125,0.0739288330078125,0.014852762222290039,0.03894740343093872
1772574502834678000,1.527677978515625,0.016335487365722656,0.03356051445007324,0.012634754180908203
1772574502844616200,1.5376162109375,-0.007313728332519531,0.037924766540527344,0.04385453462600708
1772574502854549200,1.54754931640625,-0.073028564453125,0.05703842639923096,0.04648810625076294
1772574502864481500,1.5574814453125,-0.0718069076538086,0.05751299858093262,0.0253603458404541
1772574502874414600,1.56741455078125,-0.028284072875976562,0.048674941062927246,0.018034696578979492
1772574502884344300,1.57734423828125,-0.023217201232910156,0.04941296577453613,0.03339654207229614
1772574502894277000,1.587277099609375,0.0006160736083984375,0.030909299850463867,0.0290796160697937
1772574502904213200,1.597213134765625,-0.008869171142578125,-0.006214022636413574,0.025250375270843506
1772574502914146300,1.607146240234375,-0.022893905639648438,0.004573822021484375,0.007974863052368164
1772574502924075800,1.61707568359375,-0.036681175231933594,0.00607144832611084,0.010537028312683105
1772574502934008600,1.627008544921875,-0.06436347961425781,0.007657408714294434,0.0179937481880188
1772574502943936800,1.636936767578125,-0.09641265869140625,0.014626860618591309,0.010797500610351562
1772574502953869000,1.646869140625,-0.11391448974609375,0.022277235984802246,0.027151048183441162
1772574502963800000,1.656800048828125,-0.0934896469116211,0.025611281394958496,0.00139617919921875
1772574502973732000,1.666732177734375,-0.09236335754394531,0.0015538930892944336,0.004248619079589844
1772574502983640300,1.676640380859375,-0.053623199462890625,0.015854716300964355,0.011754870414733887
1772574502993570000,1.686570068359375,0.0032415390014648438,0.02070450782775879,0.013818621635437012
1772574503003539700,1.696539794921875,0.03092193603515625,-0.017178654670715332,-0.01278388500213623
1772574503013473500,1.7064736328125,0.0487213134765625,-0.016771912574768066,-0.010785102844238281
1772574503023369700,1.71636962890625,0.09915828704833984,-0.002083420753479004,0.00045186281204223633
1772574503033299700,1.7262998046875,0.14411163330078125,0.007368803024291992,0.002491772174835205
1772574503043234800,1.73623486328125,0.17899227142333984,0.020886898040771484,0.00963592529296875
1772574503053165300,1.746165283203125,0.18517303466796875,0.03809094429016113,-0.011176228523254395
1772574503063135000,1.756135009765625,0.18198394775390625,0.030169010162353516,-0.0036800503730773926
1772574503073069600,1.766069580078125,0.15542984008789062,0.035392165184020996,-0.015453100204467773
1772574503082970000,1.77597021484375,0.10588359832763672,0.03952300548553467,-0.008503377437591553
1772574503092901400,1.7859013671875,0.09491634368896484,0.052197933197021484,-0.006673216819763184
1772574503102833200,1.795833251953125,0.10303783416748047,0.05915486812591553,-0.019488811492919922
1772574503112764400,1.805764404296875,0.11108970642089844,0.02762305736541748,0.0004671812057495117
1772574503122696000,1.815696044921875,0.0908803939819336,-0.013699173927307129,0.006078600883483887
1772574503132627200,1.825627197265625,0.005207061767578125,-0.02198314666748047,-0.011355817317962646
1772574503142561800,1.835561767578125,-0.07435417175292969,-0.025119662284851074,-0.01888066530227661
1772574503152493300,1.845493408203125,-0.09148120880126953,-0.01347970962524414,-0.0219879150390625
1772574503162424600,1.855424560546875,-0.07077312469482422,-0.029674649238586426,-0.011507928371429443
1772574503172356400,1.8653564453125,-0.06461620330810547,-0.03557884693145752,-0.015328466892242432
1772574503182290200,1.875290283203125,-0.05856800079345703,-0.027252197265625,-0.0191725492477417
1772574503192222000,1.885221923828125,-0.07615184783935547,-0.02878248691558838,-0.028063416481018066
1772574503202188300,1.895188232421875,-0.11231613159179688,-0.05372214317321777,-0.008930563926696777
1772574503212123400,1.905123291015625,-0.1103353500366211,-0.035079002380371094,-0.00929170846939087
1772574503222049300,1.91504931640625,-0.11318206787109375,-0.039699673652648926,-0.009773194789886475
1772574503231983600,1.924983642578125,-0.05490303039550781,-0.03391551971435547,-0.0010175704956054688
1772574503241907000,1.934906982421875,-0.01650238037109375,-0.013493537902832031,0.026541173458099365
1772574503251840300,1.94484033203125,-0.0069866180419921875,-0.0028281211853027344,0.03490591049194336
1772574503261784000,1.9547841796875,0.0023641586303710938,-0.0205841064453125,0.03362607955932617
1772574503271718100,1.96471826171875,0.025697708129882812,-0.01929759979248047,0.04181170463562012
1772574503281616100,1.9746162109375,0.04869842529296875,-0.018129348754882812,0.017516791820526123
1772574503291547000,1.984546875,0.05725574493408203,-0.012483596801757812,0.01303720474243164
1772574503301503200,1.994503173828125,0.03746509552001953,-0.0025304555892944336,0.00872117280960083
1772574503311436300,2.004436279296875,0.0038976669311523438,0.0020450353622436523,-0.010353446006774902
1772574503321370600,2.01437060546875,0.013318061828613281,-0.008184432983398438,-0.02009493112564087
1772574503331304000,2.024303955078125,0.03670787811279297,0.028929471969604492,0.027003824710845947
1772574503341236200,2.034236328125,0.040854454040527344,0.03758203983306885,0.017329931259155273
1772574503351169300,2.044169189453125,0.021429061889648438,-0.02471923828125,-0.006067872047424316
1772574503361075200,2.0540751953125,-0.054108619689941406,-0.0485992431640625,-0.05690121650695801
1772574503371005700,2.064005615234375,-0.14727401733398438,-0.0572812557220459,-0.04983222484588623
1772574503380967000,2.073966796875,-0.15426921844482422,-0.04591035842895508,-0.03813374042510986
1772574503390900500,2.083900390625,-0.0859689712524414,-0.052582740783691406,-0.04591023921966553
1772574503400832000,2.09383203125,-0.04249382019042969,-0.05824089050292969,-0.03512448072433472
1772574503410765300,2.103765380859375,0.0001850128173828125,-0.04456150531768799,-0.005971968173980713
1772574503420688100,2.113688232421875,0.03742504119873047,-0.05473625659942627,-0.057814061641693115
1772574503430620400,2.123620361328125,0.012838363647460938,-0.0508197546005249,-0.05260336399078369
1772574503440562200,2.133562255859375,-0.020714759826660156,-0.04709362983703613,-0.02829521894454956
1772574503450495500,2.14349560546875,-0.006638526916503906,-0.05256187915802002,-0.022950708866119385
1772574503460421600,2.153421630859375,0.030702590942382812,-0.062255263328552246,-0.050567626953125
1772574503470354000,2.16335400390625,0.05802631378173828,-0.05307137966156006,-0.04470151662826538
1772574503480295400,2.17329541015625,0.0755758285522461,-0.03525090217590332,-0.01043015718460083
1772574503490228700,2.183228759765625,0.05996513366699219,-0.027642011642456055,0.018976330757141113
1772574503500150000,2.19314990234375,0.030584335327148438,-0.02556002140045166,0.019766271114349365
1772574503510082300,2.203082275390625,0.04882240295410156,-0.028714895248413086,-0.017412900924682617
1772574503520019000,2.21301904296875,0.0668191909790039,-0.027704477310180664,-0.021200120449066162
1772574503529951500,2.222951416015625,0.12697887420654297,-0.0035701990127563477,0.017955660820007324
1772574503539879200,2.232879150390625,0.10159587860107422,-0.0041713714599609375,0.025131523609161377
1772574503549811500,2.2428115234375,0.029676437377929688,-0.03830564022064209,-0.03769773244857788
1772574503559743700,2.25274365234375,-0.036400794982910156,-0.0480266809463501,-0.05750459432601929
1772574503569675800,2.26267578125,-0.07324028015136719,-0.056917548179626465,-0.0303613543510437
1772574503579618800,2.272618896484375,-0.11902809143066406,-0.036618590354919434,-0.01842290163040161
1772574503589552000,2.28255224609375,-0.10772037506103516,-0.0012264251708984375,0.007339656352996826
1772574503599475500,2.292475341796875,-0.10146141052246094,0.025267720222473145,0.013648509979248047
1772574503609407700,2.30240771484375,-0.06243896484375,-0.03773176670074463,0.009846389293670654
1772574503619349000,2.312348876953125,-0.014681816101074219,-0.05236995220184326,0.015463471412658691
1772574503629282300,2.3222822265625,-0.0006933212280273438,-0.03380692005157471,0.030202746391296387
1772574503639205600,2.33220556640625,-0.019876480102539062,-0.04390132427215576,0.04010009765625
1772574503649137700,2.3421376953125,-0.010450363159179688,-0.039684295654296875,0.050360918045043945
1772574503659045400,2.35204541015625,-0.0011911392211914062,-0.026021480560302734,0.027499496936798096
1772574503668975000,2.36197509765625,-0.0014781951904296875,-0.02691960334777832,0.03324955701828003
1772574503678943500,2.371943603515625,-0.04413414001464844,-0.01859593391418457,0.038570404052734375
1772574503688877000,2.381876953125,-0.07674407958984375,-0.010336041450500488,0.01451784372329712
1772574503698816300,2.391816162109375,-0.0665130615234375,-0.006626605987548828,0.023211419582366943
1772574503708750300,2.401750244140625,-0.023581504821777344,0.0072329044342041016,0.07422655820846558
1772574503718666500,2.41166650390625,0.06096458435058594,0.012060046195983887,0.08235257863998413
1772574503728599000,2.42159912109375,0.0687713623046875,-0.0064972639083862305,0.029582202434539795
1772574503738508000,2.431508056640625,0.09064102172851562,-0.010938882827758789,0.025165915489196777
1772574503748438000,2.44143798828125,0.11693382263183594,-0.020398497581481934,0.035365164279937744
1772574503758390800,2.451390869140625,0.06752395629882812,-0.02086186408996582,0.01717013120651245
1772574503768323000,2.461322998046875,0.051959991455078125,-0.008003592491149902,-0.005935072898864746
1772574503778253800,2.47125390625,0.01784801483154297,0.027781009674072266,-0.03366541862487793
1772574503788185900,2.481185791015625,-0.0016345977783203125,0.016178369522094727,0.009281456470489502
1772574503798117600,2.49111767578125,0.021600723266601562,0.018902063369750977,0.023474037647247314
1772574503808049700,2.501049560546875,0.01622295379638672,0.016987085342407227,-0.013837814331054688
1772574503817975000,2.51097509765625,-0.007914543151855469,-0.03178286552429199,-0.017467498779296875
1772574503827906600,2.520906494140625,-0.036375999450683594,-0.027857184410095215,0.002382993698120117
1772574503837848000,2.53084814453125,-0.03607940673828125,-0.005080461502075195,-0.005778968334197998
1772574503847780400,2.5407802734375,-0.03114795684814453,-0.02425229549407959,-0.00878375768661499
1772574503857696300,2.5506962890625,-0.026383399963378906,-0.028476715087890625,-0.026256859302520752
1772574503867626800,2.560626708984375,-0.012309074401855469,-0.02299797534942627,-0.029399752616882324
1772574503877560800,2.570560791015625,0.04857158660888672,0.006221294403076172,-0.03271377086639404
1772574503887491800,2.580491943359375,0.0801858901977539,0.0016834735870361328,-0.036486685276031494
1772574503897445600,2.590445556640625,0.0971994400024414,0.010631322860717773,-0.03592425584793091
1772574503907379000,2.60037890625,0.07635688781738281,-0.00012409687042236328,-0.0069290995597839355
1772574503917310000,2.61031005859375,0.0653066635131836,0.017442941665649414,0.012356102466583252
1772574503927243000,2.620242919921875,0.04506874084472656,0.015697479248046875,0.01281064748764038
1772574503937176800,2.6301767578125,0.02989673614501953,0.018597006797790527,0.03691291809082031
1772574503947110100,2.640110107421875,-0.013257026672363281,-0.007012128829956055,0.022833168506622314
1772574503957044200,2.650044189453125,0.019654273986816406,0.00996696949005127,0.027599096298217773
1772574503966977500,2.6599775390625,0.023787498474121094,0.007836103439331055,0.02789062261581421
1772574503976911600,2.66991162109375,-0.0003986358642578125,-0.027219057083129883,0.028177738189697266
1772574503986845000,2.679844970703125,0.00881195068359375,-0.052590012550354004,0.023729681968688965
1772574503996771300,2.689771240234375,0.008454322814941406,-0.06813716888427734,0.009916543960571289
1772574504006704000,2.6997041015625,-0.010725021362304688,-0.08855009078979492,0.014643430709838867
1772574504016639700,2.7096396484375,-0.048404693603515625,-0.07628858089447021,0.018553972244262695
1772574504026572800,2.71957275390625,-0.05248832702636719,-0.06915652751922607,0.0598454475402832
1772574504036478700,2.729478759765625,-0.07066535949707031,-0.07136249542236328,0.08612489700317383
1772574504046409000,2.739408935546875,-0.08389663696289062,-0.05902862548828125,0.10691052675247192
1772574504056372500,2.74937255859375,-0.054602622985839844,-0.03214752674102783,0.16493570804595947
1772574504066306000,2.75930615234375,-0.011765480041503906,0.009347796440124512,0.18438434600830078
1772574504076232700,2.769232666015625,0.002086639404296875,0.03197002410888672,0.1665208339691162
1772574504086165500,2.77916552734375,0.0015726089477539062,0.026729106903076172,0.13111287355422974
1772574504096097500,2.78909765625,0.015145301818847656,0.036161184310913086,0.10098862648010254
1772574504106030300,2.7990302734375,0.009599685668945312,0.017328977584838867,0.056599438190460205
1772574504115970000,2.808969970703125,0.09362220764160156,0.07836377620697021,0.0735669732093811
1772574504125903600,2.818903564453125,0.1386861801147461,0.10886061191558838,0.11816364526748657
1772574504135826700,2.82882666015625,0.13597488403320312,0.1050572395324707,0.043915390968322754
1772574504145759200,2.83875927734375,0.1381540298461914,0.11416351795196533,0.013321995735168457
1772574504155687200,2.848687255859375,0.12162399291992188,0.10799777507781982,0.045278072357177734
1772574504165619200,2.858619140625,0.09606266021728516,0.10106909275054932,0.029880642890930176
1772574504175556600,2.868556640625,0.07100486755371094,0.07013463973999023,-0.01326686143875122
1772574504185489200,2.8784892578125,0.07467937469482422,0.04403543472290039,-0.055370211601257324
1772574504195416800,2.888416748046875,0.09244346618652344,0.03241121768951416,-0.05887925624847412
1772574504205348900,2.898348876953125,0.05819511413574219,0.0393902063369751,-0.06656479835510254
1772574504215260700,2.9082607421875,0.01988506317138672,0.045754313468933105,-0.06440311670303345
1772574504225190700,2.918190673828125,0.001102447509765625,0.018551349639892578,-0.07638895511627197
1772574504235125800,2.928125732421875,0.0014934539794921875,-0.01791834831237793,-0.08356529474258423
1772574504245056300,2.93805615234375,-0.040480613708496094,-0.03505825996398926,-0.09525042772293091
1772574504254994700,2.94799462890625,-0.09589385986328125,-0.023488521575927734,-0.11138975620269775
1772574504264926000,2.957926025390625,-0.1080617904663086,-0.05881166458129883,-0.10865992307662964
1772574504274852600,2.9678525390625,-0.10597991943359375,-0.08825159072875977,-0.10620957612991333
1772574504284783400,2.977783447265625,-0.11809253692626953,-0.0651252269744873,-0.08499801158905029
1772574504294723000,2.98772314453125,-0.10655021667480469,-0.08427238464355469,-0.0411224365234375
1772574504304654800,2.99765478515625,-0.09527301788330078,-0.0838613510131836,-0.05017578601837158
1772574504314592300,3.00759228515625,-0.0937032699584961,-0.06421267986297607,-0.05516541004180908
1772574504324524500,3.017524658203125,-0.04042339324951172,-0.05862843990325928,-0.02733433246612549
1772574504334454000,3.0274541015625,-0.020964622497558594,-0.05775260925292969,-0.02301722764968872
1772574504344386000,3.037385986328125,-0.06774044036865234,-0.05638766288757324,-0.00844883918762207
1772574504354345000,3.047344970703125,-0.0761575698852539,-0.021182537078857422,-0.008159220218658447
1772574504364279800,3.05727978515625,-0.06571197509765625,0.009630441665649414,0.006049036979675293
1772574504374180900,3.067180908203125,-0.027231216430664062,0.011878490447998047,0.015021085739135742
1772574504384112000,3.077112060546875,-0.0035457611083984375,0.023513436317443848,0.028147757053375244
1772574504394069000,3.087069091796875,0.0009279251098632812,0.03958249092102051,0.027049899101257324
1772574504404003000,3.097003173828125,-0.032265663146972656,0.03604018688201904,0.021564841270446777
1772574504413910300,3.10691015625,-0.036632537841796875,0.032157182693481445,0.01117253303527832
1772574504423841500,3.116841552734375,0.0014429092407226562,0.023633480072021484,-0.0038574934005737305
1772574504433793800,3.126793701171875,0.038895606994628906,0.015542984008789062,-0.003929257392883301
1772574504443727400,3.136727294921875,0.047476768493652344,0.0031849145889282227,0.0059313178062438965
1772574504453674800,3.1466748046875,0.08413124084472656,0.024198055267333984,-0.02224290370941162
1772574504463609300,3.156609375,0.1343364715576172,0.002092599868774414,-0.02648484706878662
1772574504473524700,3.166524658203125,0.17436885833740234,-0.0017184019088745117,-0.049692392349243164
1772574504483457500,3.17645751953125,0.18086910247802734,-0.011072278022766113,-0.04425138235092163
1772574504493388500,3.186388427734375,0.14971923828125,-0.01698017120361328,-0.029796898365020752
1772574504503321000,3.196321044921875,0.09090042114257812,-0.028500020503997803,-0.058554768562316895
1772574504513256200,3.206256103515625,0.023677825927734375,-0.021289944648742676,-0.07269662618637085
1772574504523189000,3.21618896484375,-0.014133453369140625,-0.019225120544433594,-0.039436399936676025
1772574504533123600,3.22612353515625,-0.023061752319335938,-0.026633858680725098,-0.0397220253944397
1772574504543056600,3.236056640625,-0.0741739273071289,-0.014875054359436035,-0.043792009353637695
1772574504552990000,3.245989990234375,-0.11976051330566406,-0.007422447204589844,-0.052109479904174805
1772574504562923000,3.255923095703125,-0.13169479370117188,-0.05098748207092285,-0.0740211009979248
1772574504572847400,3.265847412109375,-0.14347267150878906,-0.031821489334106445,-0.06673413515090942
1772574504582779600,3.275779541015625,-0.12219047546386719,-0.026215434074401855,-0.09256047010421753
1772574504592731400,3.2857314453125,-0.05899524688720703,-0.024811863899230957,-0.12798768281936646
1772574504602665700,3.295665771484375,-0.0109710693359375,-0.023455023765563965,-0.10154587030410767
1772574504612556800,3.305556884765625,-0.020198822021484375,0.0011886358261108398,-0.08931565284729004
1772574504622486500,3.315486572265625,-0.03394508361816406,0.015806078910827637,-0.11946094036102295
1772574504632422000,3.325421875,-0.0051250457763671875,0.025572776794433594,-0.12125468254089355
1772574504642352000,3.33535205078125,-0.005087852478027344,0.0023955106735229492,-0.11874532699584961
1772574504652320300,3.3453203125,-0.028635025024414062,0.01264655590057373,-0.12612974643707275
1772574504662254600,3.355254638671875,0.004675865173339844,-0.0055577754974365234,-0.11981201171875
1772574504672176000,3.365176025390625,0.02333831787109375,-0.00024878978729248047,-0.11835038661956787
1772574504682109200,3.375109130859375,0.046489715576171875,-0.02382063865661621,-0.12588077783584595
1772574504692036900,3.385036865234375,0.055233001708984375,-0.024385452270507812,-0.0767139196395874
1772574504701969200,3.39496923828125,0.026273727416992188,-0.011737585067749023,-0.061146676540374756
1772574504711914800,3.404914794921875,-0.0021448135375976562,-0.009355902671813965,-0.06481713056564331
1772574504721848300,3.414848388671875,-0.034752845764160156,-0.012432336807250977,-0.03117191791534424
1772574504731775200,3.424775146484375,-0.06676578521728516,-0.011149168014526367,-0.012112796306610107
1772574504741708300,3.434708251953125,-0.08413314819335938,-0.0049866437911987305,0.0020093321800231934
1772574504751591200,3.444591064453125,-0.09654903411865234,0.0015996694564819336,0.025424659252166748
1772574504761519000,3.45451904296875,-0.08994579315185547,-0.0057451725006103516,-0.0032231807708740234
1772574504771498200,3.464498291015625,-0.06941413879394531,-0.0170670747756958,-0.022258102893829346
1772574504781431300,3.474431396484375,-0.1105356216430664,-0.01788318157196045,-0.008036494255065918
1772574504791366000,3.484365966796875,-0.0945882797241211,0.015567660331726074,0.010936737060546875
1772574504801299200,3.49429931640625,-0.07904720306396484,0.026419520378112793,-0.00307542085647583
1772574504811235800,3.50423583984375,0.016097068786621094,0.03829836845397949,-0.01755809783935547
1772574504821169700,3.514169677734375,0.10483074188232422,0.03662717342376709,-0.018118977546691895
1772574504831106600,3.5241064453125,0.19681358337402344,0.0207444429397583,0.00024306774139404297
1772574504841040400,3.534040283203125,0.2591686248779297,-0.005629301071166992,0.01845782995223999
1772574504850968600,3.543968505859375,0.25008392333984375,-0.00034487247467041016,0.01809602975845337
1772574504860902100,3.553902099609375,0.19428348541259766,0.01735818386077881,0.041876912117004395
1772574504870827000,3.563826904296875,0.11603450775146484,0.024025321006774902,0.05612391233444214
1772574504880759800,3.573759765625,0.05807781219482422,0.024668574333190918,0.046903371810913086
1772574504890689300,3.583689208984375,-0.017655372619628906,0.005575776100158691,0.03775566816329956
1772574504900621600,3.59362158203125,-0.06857967376708984,-0.03255319595336914,0.004488587379455566
1772574504910557200,3.60355712890625,-0.08573436737060547,-0.013683080673217773,0.013390898704528809
1772574504920489700,3.61348974609375,-0.1262063980102539,0.005386710166931152,0.059722185134887695
1772574504930424600,3.623424560546875,-0.1566629409790039,0.02486717700958252,0.03468388319015503
1772574504940357600,3.633357666015625,-0.19609355926513672,-0.011880993843078613,-0.008783936500549316
1772574504950290700,3.643290771484375,-0.2161855697631836,-0.018276453018188477,0.03810286521911621
1772574504960223500,3.653223388671875,-0.1796255111694336,0.01943027973175049,0.06057548522949219
1772574504970154200,3.663154296875,-0.10614013671875,0.029688239097595215,0.050048768520355225
1772574504980086800,3.673086669921875,-0.024544715881347656,0.012343645095825195,0.04923802614212036
1772574504990016300,3.683016357421875,0.07453060150146484,-0.02323007583618164,0.048966407775878906
1772574504999948500,3.692948486328125,0.11077022552490234,0.0027000904083251953,-0.00790327787399292
1772574505009890800,3.702890869140625,0.08054447174072266,-0.014833807945251465,-0.04045957326889038
1772574505019824000,3.71282421875,0.08858108520507812,0.009644031524658203,0.05488330125808716
1772574505029750000,3.72275,0.08713626861572266,0.02853989601135254,0.07355612516403198
1772574505039682600,3.7326826171875,0.05750560760498047,0.08021199703216553,0.04558134078979492
1772574505049614800,3.74261474609375,0.014241218566894531,0.060695528984069824,0.03260105848312378
1772574505059547100,3.752547119140625,-0.0048198699951171875,0.022886037826538086,0.028773128986358643
1772574505069485800,3.76248583984375,-0.004748344421386719,0.009365677833557129,0.024931490421295166
1772574505079419000,3.7724189453125,0.014200210571289062,0.014803528785705566,-0.006695449352264404
1772574505089322200,3.782322265625,-0.0001163482666015625,0.001398324966430664,0.028398990631103516
1772574505099252500,3.79225244140625,-0.0047206878662109375,0.0018413066864013672,0.020536959171295166
1772574505109204500,3.80220458984375,0.02371501922607422,0.0349501371383667,0.0030120015144348145
1772574505119136800,3.81213671875,0.009312629699707031,0.010623574256896973,-0.000467836856842041
1772574505129075500,3.822075439453125,-0.02840423583984375,-0.01360023021697998,-0.004493355751037598
1772574505139008500,3.832008544921875,0.000408172607421875,0.00014030933380126953,0.0005511045455932617
1772574505148925200,3.84192529296875,0.0005102157592773438,0.0038259029388427734,0.005198240280151367
1772574505158856400,3.8518564453125,0.010079383850097656,-0.03064560890197754,0.009834706783294678
1772574505168799000,3.861799072265625,-0.036896705627441406,-0.0038591623306274414,0.019874751567840576
1772574505178731500,3.8717314453125,-0.07371330261230469,0.03218650817871094,0.06258314847946167
1772574505188667600,3.881667724609375,-0.07231903076171875,0.03048110008239746,0.07143986225128174
1772574505198600700,3.8916005859375,-0.06631278991699219,0.0011646747589111328,0.04238998889923096
1772574505208530700,3.90153076171875,-0.06517219543457031,0.0058155059814453125,0.037389278411865234
1772574505218463200,3.911463134765625,-0.05471229553222656,0.020324349403381348,0.04631829261779785
1772574505228394000,3.92139404296875,-0.03981494903564453,0.0022423267364501953,0.04529029130935669
1772574505238326500,3.931326416015625,0.045411109924316406,-0.005509614944458008,0.03507494926452637
1772574505248246500,3.94124658203125,0.11510658264160156,-0.017827510833740234,0.04879659414291382
1772574505258177800,3.951177734375,0.10842323303222656,0.011828422546386719,0.058274805545806885
1772574505268124000,3.9611240234375,0.05018424987792969,0.026276826858520508,0.08725965023040771
1772574505278056700,3.971056640625,0.007061004638671875,0.04061472415924072,0.07382893562316895
1772574505287985000,3.98098486328125,0.025839805603027344,0.059638142585754395,0.04641693830490112
1772574505297917200,3.990917236328125,0.04903984069824219,0.02175593376159668,0.02439481019973755
1772574505307853300,4.000853271484375,0.0813131332397461,0.012462377548217773,0.04993855953216553
1772574505317785900,4.010785888671875,0.08015823364257812,0.0026187896728515625,0.05141240358352661
1772574505327728000,4.02072802734375,0.036712646484375,0.006258368492126465,0.03372746706008911
1772574505337661700,4.03066162109375,0.0081024169921875,0.004819631576538086,0.029845833778381348
1772574505347593700,4.04059375,-0.015363693237304688,0.0176314115524292,0.039751529693603516
1772574505357527300,4.05052734375,-0.03377532958984375,0.03517031669616699,0.04923468828201294
1772574505367446000,4.060446044921875,-0.037825584411621094,0.024677038192749023,0.04895132780075073
1772574505377378000,4.0703779296875,-0.032436370849609375,0.00535130500793457,0.053393006324768066
1772574505387324400,4.080324462890625,-0.05541706085205078,0.005600571632385254,0.0768197774887085
1772574505397258000,4.090258056640625,-0.05447578430175781,0.03422832489013672,0.038788676261901855
1772574505407156000,4.100156005859375,-0.006505012512207031,0.0014967918395996094,0.029583990573883057
1772574505417086000,4.1100859375,-0.00640869140625,-0.01666128635406494,0.029952645301818848
1772574505427052500,4.120052490234375,0.01728534698486328,-0.030302762985229492,0.02562093734741211
1772574505436986000,4.129986083984375,0.0029306411743164062,-0.006048798561096191,0.04039424657821655
1772574505456812800,4.149812744140625,0.0034780502319335938,0.027111172676086426,0.012845396995544434
1772574505466746400,4.159746337890625,0.045841217041015625,0.022148966789245605,0.008784711360931396
1772574505476676600,4.169676513671875,0.09223651885986328,0.012166142463684082,-0.0048157572746276855
1772574505486636000,4.179635986328125,0.08615398406982422,0.020375967025756836,-0.02289605140686035
1772574505496569300,4.1895693359375,0.02849578857421875,0.03717970848083496,-0.040151000022888184
1772574505506481700,4.199481689453125,-0.009370803833007812,0.011422157287597656,-0.061740219593048096
1772574505516412700,4.20941259765625,-0.03722953796386719,0.01461327075958252,-0.06427836418151855
1772574505526348500,4.2193486328125,-0.00347900390625,0.023039817810058594,-0.0479731559753418
1772574505536286200,4.2292861328125,0.020246505737304688,0.00816202163696289,-0.04139059782028198
1772574505546209000,4.239208984375,0.0012416839599609375,0.012057304382324219,-0.053664445877075195
1772574505556116700,4.24911669921875,0.015504837036132812,-0.002953767776489258,-0.06584727764129639
1772574505566075100,4.2590751953125,0.0201416015625,-0.013118743896484375,-0.03996247053146362
1772574505576013800,4.269013916015625,0.00589752197265625,-0.018597841262817383,-0.037942588329315186
1772574505585943800,4.27894384765625,0.02016448974609375,-0.005545139312744141,-0.05037409067153931
1772574505605806800,4.298806884765625,-0.012622833251953125,-0.00791478157043457,-0.01919710636138916
1772574505615756000,4.308756103515625,-0.045104026794433594,-0.01872694492340088,-0.012960255146026611
1772574505625689300,4.318689453125,-0.08177947998046875,-0.038455843925476074,-0.006706178188323975
1772574505635620400,4.328620361328125,-0.08968353271484375,-0.04782688617706299,-0.02439039945602417
1772574505645553400,4.338553466796875,-0.05988311767578125,-0.018685102462768555,0.0003737211227416992
1772574505655486500,4.348486572265625,0.011753082275390625,0.00565648078918457,0.02000504732131958
1772574505665377300,4.358377197265625,0.025661468505859375,0.010964393615722656,0.03921705484390259
1772574505675310300,4.368310302734375,0.0017042160034179688,-0.0029413700103759766,0.015745937824249268
1772574505685321000,4.378321044921875,0.001678466796875,0.006719827651977539,0.04404932260513306
1772574505695260400,4.388260498046875,0.0016078948974609375,0.006692767143249512,0.052328407764434814
1772574505705156400,4.39815625,-0.03142070770263672,0.006674051284790039,0.06519114971160889
1772574505715091500,4.408091552734375,-0.026262283325195312,-0.002257823944091797,0.07813990116119385
1772574505725016300,4.418016357421875,0.006987571716308594,-0.006015181541442871,0.07155871391296387
1772574505734950400,4.427950439453125,0.04432868957519531,-0.004782915115356445,0.059897780418395996
1772574505744854800,4.437854736328125,0.05288887023925781,0.014658212661743164,0.06756967306137085
1772574505754785800,4.447785888671875,0.037856101989746094,0.009847521781921387,0.07573777437210083
1772574505764756500,4.457756591796875,-0.00047779083251953125,0.028668761253356934,0.08367955684661865
1772574505774691300,4.46769140625,-0.02879810333251953,0.00020623207092285156,0.06285828351974487
1772574505784611600,4.477611572265625,-0.009617805480957031,-0.008630514144897461,0.05623173713684082
1772574505794545200,4.487545166015625,-0.01906108856201172,-0.002767324447631836,0.040230512619018555
1772574505804482800,4.49748291015625,-0.018922805786132812,0.02185642719268799,0.043464481830596924
1772574505814416600,4.507416748046875,-0.018812179565429688,-0.014832496643066406,0.042048096656799316
1772574505824338700,4.517338623046875,-0.02811431884765625,-0.01763439178466797,0.017638087272644043
1772574505834271500,4.527271484375,0.0050868988037109375,-0.010560393333435059,0.017390072345733643
1772574505844202200,4.5372021484375,0.018873214721679688,-0.0036895275115966797,0.021374046802520752
1772574505854134800,4.547134765625,0.02767467498779297,-0.0016336441040039062,0.005864381790161133
1772574505864068400,4.557068359375,0.06460189819335938,0.023350834846496582,0.018294095993041992
1772574505874001000,4.5670009765625,0.039742469787597656,0.014447569847106934,0.01617830991744995
1772574505883933200,4.57693310546875,0.015336990356445312,0.00048065185546875,0.01389622688293457
1772574505893865700,4.58686572265625,-0.008636474609375,0.01028132438659668,0.0307772159576416
1772574505903799000,4.596799072265625,-0.04628276824951172,0.024402737617492676,0.06187170743942261
1772574505913731800,4.60673193359375,-0.0550384521484375,0.019554853439331055,0.07391571998596191
1772574505923667500,4.61666748046875,-0.04014873504638672,-0.0036211013793945312,0.0575406551361084
1772574505933600300,4.626600341796875,-0.02083301544189453,-0.030802607536315918,0.03204381465911865
1772574505943504100,4.636504150390625,-0.02068614959716797,-0.019657254219055176,0.04004621505737305
1772574505953434000,4.64643408203125,-0.04415702819824219,0.005748152732849121,0.0191802978515625
1772574505963412700,4.656412841796875,0.0033168792724609375,0.030954718589782715,0.03563857078552246
1772574505973347800,4.666347900390625,0.040566444396972656,0.018381476402282715,0.014385879039764404
1772574505983270100,4.676270263671875,0.06308937072753906,0.0012058019638061523,0.01713263988494873
1772574505993204000,4.686203857421875,0.07585334777832031,-0.001857757568359375,0.015122473239898682
1772574506003131600,4.696131591796875,0.07906436920166016,0.0038563013076782227,-0.010374784469604492
1772574506013064700,4.706064697265625,0.0728597640991211,-0.02398073673248291,0.021065711975097656
1772574506022989000,4.715989013671875,0.029153823852539062,-0.014010071754455566,0.028809785842895508
1772574506032921000,4.725921142578125,0.02389240264892578,0.01432645320892334,0.0366249680519104
1772574506042856400,4.7358564453125,-0.04717540740966797,0.014047026634216309,0.04011577367782593
1772574506052788700,4.745788818359375,-0.07472896575927734,0.0001571178436279297,0.02011728286743164
1772574506062727000,4.755726806640625,-0.09720134735107422,-0.017403841018676758,0.009868979454040527
1772574506072660000,4.765659912109375,-0.0675973892211914,-0.010432720184326172,0.004287660121917725
1772574506082583300,4.775583251953125,0.013215065002441406,-0.012386441230773926,-0.001591801643371582
1772574506092515300,4.785515380859375,0.06441783905029297,-0.023629188537597656,-0.012094497680664062
1772574506102443500,4.795443603515625,0.07245635986328125,-0.016462326049804688,-0.02243340015411377
1772574506112375300,4.805375244140625,0.06160259246826172,0.018132448196411133,-0.01847517490386963
1772574506122327300,4.815327392578125,0.06038665771484375,0.028105854988098145,0.008755505084991455
1772574506132260900,4.8252607421875,0.045131683349609375,0.0471416711807251,0.01732635498046875
1772574506142206000,4.8352060546875,0.025422096252441406,0.037825822830200195,0.011951982975006104
1772574506152140800,4.845140869140625,0.01076507568359375,0.0286715030670166,-0.01195448637008667
1772574506162038500,4.85503857421875,0.02463245391845703,0.0290910005569458,0.0026190876960754395
1772574506171969800,4.8649697265625,0.019471168518066406,0.03872239589691162,0.012443482875823975
1772574506181911000,4.8749111328125,0.004975318908691406,0.029273509979248047,0.01721590757369995
1772574506191843000,4.884843017578125,0.009554862976074219,0.05766499042510986,0.01722162961959839
1772574506201780000,4.894780029296875,0.0469818115234375,0.043206214904785156,0.01201486587524414
1772574506211712800,4.904712646484375,0.08848190307617188,0.019268393516540527,0.01570761203765869
1772574506221641000,4.914640869140625,0.11051368713378906,-0.0003756284713745117,0.009508013725280762
1772574506231573200,4.9245732421875,0.06162548065185547,-0.0015789270401000977,0.01751530170440674
1772574506241505300,4.93450537109375,0.04656696319580078,-0.003057718276977539,0.011576950550079346
1772574506251437300,4.944437255859375,0.012936592102050781,-0.014037609100341797,0.0151442289352417
1772574506261372400,4.954372314453125,-0.015420913696289062,-0.024741649627685547,0.01413428783416748
1772574506271305000,4.964304931640625,-0.048018455505371094,-0.030256032943725586,0.018253564834594727
1772574506281208000,4.9742080078125,-0.032924652099609375,-0.05008059740066528,0.046283185482025146
1772574506291137800,4.9841376953125,-0.03685474395751953,-0.06535971164703369,0.05513441562652588
1772574506301090800,4.9940908203125,-0.06426048278808594,-0.06174206733703613,0.03530627489089966
1772574506311022800,5.00402294921875,-0.1476907730102539,-0.06779146194458008,0.01582026481628418
1772574506320959700,5.013959716796875,-0.21571826934814453,-0.06341636180877686,0.020000755786895752
1772574506330892300,5.023892333984375,-0.21688079833984375,-0.0431671142578125,0.03364068269729614
1772574506340827000,5.033826904296875,-0.1758403778076172,-0.03094661235809326,0.03284811973571777
1772574506350759400,5.043759521484375,-0.10271835327148438,-0.05028790235519409,0.008211851119995117
1772574506360702500,5.053702392578125,-0.030889511108398438,-0.06410598754882812,-0.035174429416656494
1772574506370636000,5.063635986328125,0.03973388671875,-0.04485273361206055,-0.01695042848587036
1772574506380531500,5.073531494140625,0.09510135650634766,-0.026372432708740234,-0.0132066011428833
1772574506390461400,5.08346142578125,0.11667060852050781,-0.013513922691345215,-0.004541754722595215
1772574506400420000,5.093420166015625,0.09085559844970703,-0.0013867616653442383,-0.028916478157043457
1772574506410353000,5.103352783203125,0.06553173065185547,0.019417285919189453,-0.029282212257385254
1772574506420284200,5.1132841796875,0.07364749908447266,0.001795649528503418,-0.03415989875793457
1772574506430216700,5.123216796875,0.0816354751586914,0.0077811479568481445,-0.0344921350479126
1772574506440153900,5.13315380859375,0.09899234771728516,0.012645244598388672,-0.0021830201148986816
1772574506450087000,5.1430869140625,0.07383918762207031,0.016024231910705566,-0.022095203399658203
1772574506460016400,5.153016357421875,0.05860424041748047,0.009023070335388184,-0.027750730514526367
1772574506469949200,5.16294921875,0.02017974853515625,0.01995706558227539,-0.03342372179031372
1772574506479886800,5.172886962890625,-0.050484657287597656,-0.002851128578186035,-0.024664223194122314
1772574506489820200,5.182820068359375,-0.08704090118408203,0.026805639266967773,-0.04903125762939453
1772574506499742000,5.192741943359375,-0.0901031494140625,0.028612732887268066,-0.03504103422164917
1772574506509674000,5.202674072265625,-0.11207389831542969,0.02228713035583496,-0.05403244495391846
1772574506519623400,5.21262353515625,-0.044302940368652344,0.017261981964111328,-0.0721246600151062
1772574506529521400,5.222521484375,0.008158683776855469,0.013036966323852539,-0.07546603679656982
1772574506549389000,5.24238916015625,0.04496288299560547,0.0006856918334960938,-0.10905075073242188
1772574506559337700,5.252337646484375,0.044213294982910156,0.006360650062561035,-0.13400733470916748
1772574506569272600,5.2622724609375,0.02469635009765625,0.02124202251434326,-0.12971526384353638
1772574506579178500,5.272178466796875,0.029066085815429688,0.02634108066558838,-0.13013029098510742
1772574506589110500,5.282110595703125,0.06631660461425781,0.0215299129486084,-0.12183159589767456
1772574506599046000,5.2920458984375,0.09353256225585938,-0.002755403518676758,-0.1147000789642334
1772574506608978200,5.301978271484375,0.10155677795410156,0.00027620792388916016,-0.09891808032989502
1772574506618926000,5.311926025390625,0.07189083099365234,-0.02141392230987549,-0.06939643621444702
1772574506628860200,5.321860107421875,-0.0042171478271484375,-0.02955007553100586,-0.039704084396362305
1772574506638772700,5.331772705078125,-0.08840370178222656,-0.01431584358215332,-0.03827780485153198
1772574506648706600,5.34170654296875,-0.14769649505615234,-0.012980222702026367,0.0007726550102233887
1772574506668554500,5.361554443359375,-0.17934322357177734,-0.016579866409301758,0.05778205394744873
1772574506678489300,5.3714892578125,-0.13395023345947266,-0.03523659706115723,0.05232721567153931
1772574506688423200,5.381423095703125,-0.10357856750488281,-0.05727654695510864,0.07482320070266724
1772574506708321300,5.4013212890625,0.048682212829589844,-0.0708463191986084,0.08553940057754517
1772574506718257700,5.411257568359375,0.0758829116821289,-0.06291067600250244,0.07445472478866577
1772574506728190000,5.42118994140625,0.09796333312988281,-0.04126936197280884,0.09192907810211182
1772574506738125800,5.431125732421875,0.0914316177368164,-0.020181894302368164,0.1042131781578064
1772574506748050400,5.441050537109375,0.06621074676513672,-0.0326085090637207,0.10236853361129761
1772574506757985300,5.4509853515625,0.03201866149902344,-0.03550237417221069,0.10076689720153809
1772574506767918800,5.4609189453125,0.007792472839355469,-0.024222373962402344,0.09888988733291626
1772574506777853700,5.470853759765625,-0.001911163330078125,-0.05548560619354248,0.09697568416595459
1772574506787783000,5.480782958984375,-0.0067806243896484375,-0.05287277698516846,0.08105778694152832
1772574506797717200,5.49071728515625,-0.025732994079589844,-0.04980599880218506,0.07972192764282227
1772574506807651800,5.50065185546875,-0.016190528869628906,-0.06490492820739746,0.08313840627670288
1772574506817586000,5.5105859375,0.0025434494018554688,-0.04648256301879883,0.07658779621124268
1772574506837438700,5.530438720703125,0.006155967712402344,-0.06726932525634766,0.09616988897323608
1772574506847373300,5.540373291015625,-0.027237892150878906,-0.05366015434265137,0.1132306456565857
1772574506857306000,5.55030615234375,-0.0035810470581054688,-0.026051878929138184,0.11117249727249146
1772574506867235800,5.56023583984375,0.010279655456542969,-0.04126101732254028,0.10938113927841187
1772574506877168400,5.57016845703125,-0.02316761016845703,-0.027936041355133057,0.07951003313064575
1772574506887099100,5.58009912109375,0.014568328857421875,-0.015122175216674805,0.09203052520751953
1772574506897031400,5.590031494140625,0.042319297790527344,-0.04551035165786743,0.07607996463775635
1772574506906964200,5.599964111328125,0.013181686401367188,-0.009867846965789795,0.05620032548904419
1772574506916896500,5.609896484375,0.03166007995605469,0.043719589710235596,0.06511509418487549
1772574506926821000,5.619821044921875,0.040413856506347656,0.044430673122406006,0.03122180700302124
1772574506936752600,5.629752685546875,0.02078723907470703,0.0307236909866333,-0.006986021995544434
1772574506946685000,5.639684814453125,-0.012638092041015625,0.050003886222839355,-0.035442352294921875
1772574506956616700,5.64961669921875,-0.021970748901367188,0.05032992362976074,-0.011428356170654297
1772574506966572300,5.659572265625,0.0017747879028320312,0.03233116865158081,-0.039397239685058594
1772574506976506400,5.66950634765625,0.06740856170654297,0.01002800464630127,-0.09635156393051147
1772574506986412800,5.679412841796875,0.06608295440673828,-0.0127333402633667,-0.1057007908821106
1772574506996344000,5.689343994140625,0.03188514709472656,0.011131763458251953,-0.08689939975738525
1772574507006280000,5.699280029296875,-0.011149406433105469,0.010746538639068604,-0.06401640176773071
1772574507016211700,5.709211669921875,-0.02051258087158203,0.010562360286712646,-0.06957399845123291
1772574507026142000,5.719141845703125,0.0032367706298828125,0.010474979877471924,-0.07965660095214844
1772574507036073500,5.729073486328125,0.0030622482299804688,0.0011665821075439453,-0.07495170831680298
1772574507046006000,5.739006103515625,0.002925872802734375,0.029661238193511963,-0.06514328718185425
1772574507055937800,5.748937744140625,-0.0065784454345703125,0.010191798210144043,-0.07423174381256104
1772574507065877200,5.758877197265625,-0.02064037322998047,0.004970729351043701,-0.0835728645324707
1772574507075809800,5.768809814453125,-0.006255149841308594,0.01385498046875,-0.05580461025238037
1772574507085719300,5.77871923828125,0.03144073486328125,0.012959837913513184,-0.028716325759887695
1772574507095649500,5.7886494140625,0.04502391815185547,0.011775672435760498,-0.0016807317733764648
1772574507105609500,5.798609375,0.01607227325439453,0.02924025058746338,0.011481106281280518
1772574507115542800,5.808542724609375,0.0017328262329101562,0.013550817966461182,0.005783379077911377
1772574507125467000,5.818466796875,0.020589828491210938,0.0029261112213134766,0.00027191638946533203
1772574507135399200,5.828399169921875,0.053282737731933594,0.011426746845245361,0.04246240854263306
1772574507145364000,5.838364013671875,0.061908721923828125,0.014878571033477783,0.04158216714859009
1772574507155299600,5.848299560546875,0.037471771240234375,0.02258092164993286,0.021882712841033936
1772574507165229000,5.85822900390625,0.022859573364257812,0.020543694496154785,0.03988844156265259
1772574507175164000,5.868163818359375,-0.00091552734375,0.03234875202178955,0.07610487937927246
1772574507185094700,5.8780947265625,-0.0337371826171875,0.048666417598724365,0.07835465669631958
1772574507195029200,5.888029296875,-0.018973350524902344,0.04609251022338867,0.0943097472190857
1772574507204960000,5.8979599609375,0.014363288879394531,0.024841785430908203,0.11933690309524536
1772574507214894300,5.907894287109375,0.042423248291015625,0.0180971622467041,0.1532037854194641
1772574507224811800,5.917811767578125,0.08417797088623047,-0.01735544204711914,0.1437813639640808
1772574507234744300,5.927744384765625,0.09237957000732422,-0.024851560592651367,0.15819871425628662
1772574507244676900,5.9376767578125,0.039322853088378906,-0.04670727252960205,0.18728187680244446
1772574507254609200,5.947609130859375,0.029491424560546875,-0.049030423164367676,0.1969984471797943
1772574507264541400,5.95754150390625,-0.04611778259277344,-0.055924177169799805,0.12159740924835205
1772574507274474000,5.967473876953125,-0.045154571533203125,0.017341971397399902,0.20714250206947327
1772574507284417300,5.977417236328125,-0.02069377899169922,0.014140605926513672,0.30975019931793213
1772574507294351000,5.98735107421875,-0.043715476989746094,-0.0029317140579223633,0.23219844698905945
1772574507304280300,5.9972802734375,-0.0757284164428711,-0.03841757774353027,0.15681269764900208
1772574507314213400,6.00721337890625,-0.11194419860839844,-0.0543675422668457,0.12478077411651611
1772574507324137700,6.0171376953125,-0.08640766143798828,-0.027347207069396973,0.15874478220939636
1772574507334070300,6.0270703125,-0.08016586303710938,0.02789127826690674,0.12164705991744995
1772574507344004600,6.037004638671875,-0.09758377075195312,0.02603614330291748,0.07139992713928223
1772574507353937200,6.046937255859375,-0.10059928894042969,-0.013149499893188477,0.0034710168838500977
1772574507363863800,6.05686376953125,-0.06121540069580078,0.037964463233947754,-0.025788545608520508
1772574507373795800,6.0667958984375,-0.04601478576660156,0.06958699226379395,-0.021005749702453613
1772574507383731000,6.07673095703125,-0.031099319458007812,0.04869198799133301,-0.07370024919509888
1772574507393663200,6.086663330078125,-0.0023450851440429688,0.03784668445587158,-0.10681343078613281
1772574507403604700,6.096604736328125,0.025903701782226562,0.04169285297393799,-0.11085373163223267
1772574507413538000,6.1065380859375,0.053704261779785156,0.031230926513671875,-0.12878191471099854
1772574507423463400,6.11646337890625,0.08579730987548828,0.05379199981689453,-0.13170182704925537
1772574507433396000,6.12639599609375,0.11744213104248047,0.056728482246398926,-0.1150544285774231
1772574507443328500,6.13632861328125,0.045035362243652344,0.022163033485412598,-0.10666763782501221
1772574507453261000,6.146260986328125,0.08213329315185547,-0.011331677436828613,-0.1493293046951294
1772574507463196700,6.15619677734375,0.08574104309082031,0.0022984743118286133,-0.16255581378936768
1772574507473129200,6.166129150390625,-0.0142974853515625,-0.02259349822998047,-0.1389448046684265
1772574507483032000,6.176031982421875,-0.042095184326171875,-0.08033192157745361,-0.18777978420257568
1772574507492961800,6.1859619140625,0.03893470764160156,0.033154964447021484,-0.15813064575195312
1772574507502924800,6.1959248046875,0.052687644958496094,0.06519770622253418,-0.08119320869445801
1772574507512857900,6.20585791015625,0.037955284118652344,-0.05005669593811035,-0.16704046726226807
1772574507522763800,6.215763671875,0.02359771728515625,-0.04241442680358887,-0.21898120641708374
1772574507532694300,6.2256943359375,-0.037558555603027344,-0.021750926971435547,-0.18150389194488525
1772574507542651600,6.235651611328125,-0.07421207427978516,0.00313413143157959,-0.15994024276733398
1772574507552584700,6.245584716796875,-0.11031818389892578,0.009176969528198242,-0.15788185596466064
1772574507562524000,6.25552392578125,-0.11292839050292969,0.015703439712524414,-0.16059887409210205
1772574507572457500,6.26545751953125,-0.10144233703613281,0.013297677040100098,-0.17751812934875488
1772574507582358000,6.27535791015625,-0.052585601806640625,0.01151573657989502,-0.17596471309661865
1772574507592288500,6.28528857421875,0.004817008972167969,0.01933729648590088,-0.15617698431015015
1772574507602238700,6.29523876953125,0.06134319305419922,0.017171144485473633,-0.11743998527526855
1772574507612171300,6.305171142578125,0.041710853576660156,0.03796279430389404,-0.10211658477783203
1772574507622109200,6.315109130859375,0.022480010986328125,0.04836428165435791,-0.08227330446243286
1772574507632042000,6.3250419921875,-0.0011167526245117188,0.03473520278930664,-0.07711011171340942
1772574507641957600,6.33495751953125,-0.0007476806640625,0.03052830696105957,-0.07197606563568115
1772574507651889000,6.344888916015625,-0.005092620849609375,0.030966639518737793,-0.0671759843826294
1772574507661838000,6.354838134765625,-0.004665374755859375,0.03618025779724121,-0.07190972566604614
1772574507671771100,6.364771240234375,0.02402019500732422,0.013041257858276367,-0.034018754959106445
1772574507681712400,6.37471240234375,0.028702735900878906,-0.00021767616271972656,-0.015226423740386963
1772574507691646500,6.384646484375,0.04275226593017578,0.01970040798187256,-0.024607717990875244
1772574507701567700,6.394567626953125,0.061308860778808594,-0.007902264595031738,-0.019417107105255127
1772574507711500300,6.404500244140625,0.060774803161621094,-0.007013082504272461,0.00019174814224243164
1772574507721435400,6.414435302734375,0.04619884490966797,-0.01596701145172119,-0.003678560256958008
1772574507731368200,6.4243681640625,0.02252960205078125,0.002963423728942871,-0.02133256196975708
1772574507741301000,6.434301025390625,-0.0006914138793945312,0.011529326438903809,-0.0013742446899414062
1772574507751234000,6.444234130859375,0.037685394287109375,-0.022626161575317383,0.02255547046661377
1772574507761170200,6.454170166015625,0.08020305633544922,-0.014226198196411133,0.008742272853851318
1772574507771103200,6.464103271484375,0.032680511474609375,-0.015879034996032715,0.07151424884796143
1772574507781035300,6.47403515625,-0.1175241470336914,-0.0029751062393188477,0.11201155185699463
1772574507790968300,6.48396826171875,-0.2135467529296875,-0.026416540145874023,0.05861431360244751
1772574507800893700,6.493893798828125,-0.19990062713623047,-0.019494175910949707,0.038670122623443604
1772574507810826000,6.503825927734375,-0.11606502532958984,-0.04476439952850342,0.008096575736999512
1772574507820756200,6.513756103515625,-0.0008077621459960938,-0.02735722064971924,-0.005383312702178955
1772574507830688300,6.523688232421875,0.008907318115234375,-0.005847811698913574,0.03212559223175049
1772574507840622600,6.53362255859375,-0.033367156982421875,0.015396595001220703,0.049860358238220215
1772574507850555000,6.543554931640625,-0.037288665771484375,-0.0009785890579223633,0.011197924613952637
1772574507860500200,6.553500244140625,-0.027098655700683594,0.007050037384033203,0.01543128490447998
1772574507870434000,6.56343408203125,-0.00772857666015625,0.020265579223632812,0.08091866970062256
1772574507880361200,6.573361328125,0.03487586975097656,0.028587818145751953,0.07965636253356934
1772574507890294300,6.583294189453125,0.025028228759765625,0.008339166641235352,0.027059435844421387
1772574507900221200,6.59322119140625,-0.012896537780761719,0.011770486831665039,0.008097708225250244
1772574507910153700,6.60315380859375,-0.012523651123046875,0.01955115795135498,0.035934627056121826
1772574507920084700,6.613084716796875,-0.05452251434326172,0.03181755542755127,0.04919368028640747
1772574507930017000,6.62301708984375,-0.09587955474853516,0.02576279640197754,0.043823838233947754
1772574507939947500,6.632947509765625,-0.10839557647705078,0.011223554611206055,0.04800993204116821
1772574507949879600,6.642879638671875,-0.05962848663330078,0.021481633186340332,0.03310328722000122
1772574507959825400,6.652825439453125,-0.0071048736572265625,-0.0004843473434448242,0.027459919452667236
1772574507969759000,6.662759033203125,0.05393409729003906,-0.022072792053222656,0.04507708549499512
1772574507979683600,6.67268359375,0.11873817443847656,-0.0016214847564697266,0.03396129608154297
1772574507989616000,6.6826162109375,0.09313678741455078,0.0034667253494262695,0.06582164764404297
1772574507999545600,6.692545654296875,0.02101612091064453,-0.01577627658843994,0.08382934331893921
1772574508009478100,6.70247802734375,-0.012206077575683594,-0.011135220527648926,0.05489009618759155
1772574508019417900,6.71241796875,-0.04021739959716797,-0.006363630294799805,0.040169358253479004
1772574508029351000,6.722350830078125,-0.0019254684448242188,0.008141040802001953,0.05343031883239746
1772574508039270100,6.732270263671875,0.049813270568847656,-0.01535189151763916,0.05627477169036865
1772574508049202000,6.742201904296875,0.039526939392089844,-0.03413975238800049,0.06849992275238037
1772574508059134000,6.752134033203125,0.053061485290527344,-0.043907761573791504,0.03372466564178467
1772574508069065500,6.7620654296875,0.005237579345703125,-0.0589524507522583,-0.019455254077911377
1772574508078976300,6.771976318359375,-0.018247604370117188,-0.12574517726898193,-0.048601508140563965
1772574508088905700,6.78190576171875,0.010476112365722656,-0.06954741477966309,0.053899407386779785
1772574508098869800,6.791869873046875,0.005680084228515625,0.04742920398712158,0.10730898380279541
1772574508108802600,6.801802490234375,-0.027298927307128906,0.055096983909606934,0.10488903522491455
1772574508118733300,6.8117333984375,-0.06920433044433594,0.039998531341552734,0.07033777236938477
1772574508128666400,6.821666259765625,-0.044643402099609375,0.021320462226867676,0.030985474586486816
1772574508138574600,6.83157470703125,0.0029325485229492188,0.0036602020263671875,-0.022324681282043457
1772574508148504800,6.8415048828125,0.04972076416015625,0.014435648918151855,-0.018370628356933594
1772574508158479400,6.851479248046875,0.1381216049194336,0.005705356597900391,-0.015182018280029297
1772574508168414200,6.861414306640625,0.14989757537841797,-0.017820119857788086,-0.029578745365142822
1772574508178305800,6.871305908203125,0.12865447998046875,0.02894747257232666,-0.02885526418685913
1772574508188236300,6.881236328125,0.10320758819580078,0.04084646701812744,-0.004435837268829346
1772574508198174000,6.891174072265625,0.07827186584472656,0.028203964233398438,0.009970664978027344
1772574508208105200,6.901105224609375,0.044426918029785156,0.01970350742340088,0.009959995746612549
1772574508218038500,6.91103857421875,0.02999591827392578,0.011431336402893066,-0.008507311344146729
1772574508227970000,6.920969970703125,0.0016889572143554688,-0.00592494010925293,0.006783902645111084
1772574508237900300,6.930900390625,-0.05444049835205078,-0.027398228645324707,-0.015949547290802002
1772574508247831600,6.94083154296875,-0.0861349105834961,-0.038794517517089844,-0.024278998374938965
1772574508257764000,6.95076416015625,-0.023232460021972656,-0.030683398246765137,-0.009568095207214355
1772574508267695600,6.960695556640625,0.010400772094726562,-0.03724181652069092,-0.014251291751861572
1772574508277633000,6.970633056640625,0.038822174072265625,-0.0537266731262207,0.01848500967025757
1772574508287564800,6.980564697265625,0.010338783264160156,-0.027765750885009766,0.04665851593017578
1772574508297494800,6.990494873046875,-0.14002513885498047,-0.03979158401489258,0.04734283685684204
1772574508307426600,7.000426513671875,-0.1891307830810547,-0.022661328315734863,0.019160330295562744
1772574508317387300,7.01038720703125,-0.13869762420654297,-0.009617328643798828,0.028425216674804688
1772574508327322000,7.020322021484375,-0.07980918884277344,-0.019411325454711914,0.046877145767211914
1772574508337249000,7.0302490234375,-0.050197601318359375,-0.019115567207336426,0.07004404067993164
1772574508347182800,7.040182861328125,-0.05875968933105469,-0.0138014554977417,0.041457951068878174
1772574508357110300,7.0501103515625,-0.08132362365722656,0.0010353326797485352,0.03697842359542847
1772574508367043600,7.060043701171875,-0.09889698028564453,0.011733531951904297,0.05153423547744751
1772574508376983600,7.069983642578125,-0.06450843811035156,0.004639267921447754,0.042732417583465576
1772574508386917600,7.079917724609375,-0.021329879760742188,-0.02526545524597168,-0.007974505424499512
1772574508396836600,7.089836669921875,0.0775747299194336,0.006628870964050293,-0.030302107334136963
1772574508406769200,7.09976904296875,0.1419200897216797,0.0044203996658325195,-0.0008883476257324219
1772574508416726500,7.1097265625,0.17233848571777344,0.03432953357696533,-0.00969475507736206
1772574508426661600,7.11966162109375,0.15532779693603516,0.029577016830444336,-0.027559101581573486
1772574508436570400,7.1295703125,0.19516468048095703,0.019498467445373535,0.02040398120880127
1772574508446502700,7.139502685546875,0.1356201171875,-0.005121707916259766,-0.05821824073791504
1772574508456435700,7.149435791015625,0.020740509033203125,-0.0019049644470214844,-0.05912315845489502
1772574508466368000,7.159367919921875,-0.0027914047241210938,0.03912842273712158,-0.00831913948059082
1772574508476305000,7.169304931640625,0.06818675994873047,0.05659282207489014,-0.009752631187438965
1772574508486237700,7.17923779296875,0.08621025085449219,0.02681565284729004,0.045906126499176025
1772574508496173300,7.18917333984375,-0.037224769592285156,0.007108449935913086,0.05997270345687866
1772574508506106600,7.199106689453125,-0.2998361587524414,-0.005922555923461914,0.053529560565948486
1772574508516029000,7.20902880859375,-0.4123659133911133,-0.015608072280883789,0.006534159183502197
1772574508525961000,7.2189609375,-0.26916027069091797,-0.007887482643127441,-0.040078818798065186
1772574508535906000,7.228906005859375,-0.00136566162109375,-0.041924238204956055,-0.03523176908493042
1772574508545839400,7.23883935546875,0.17730426788330078,-0.0589061975479126,-0.10396790504455566
1772574508555722500,7.248722412109375,0.3579683303833008,0.005487561225891113,-0.1082276701927185
1772574508575623400,7.26862353515625,0.28018951416015625,-0.01164090633392334,-0.1501653790473938
1772574508585560000,7.27856005859375,0.05036449432373047,-0.009419083595275879,-0.15308308601379395
1772574508595488000,7.288488037109375,-0.034435272216796875,0.006528258323669434,-0.1574726104736328
1772574508605423600,7.298423583984375,-0.08500099182128906,0.06564414501190186,-0.07250434160232544
1772574508615349200,7.308349365234375,-0.1396312713623047,0.04049885272979736,-0.05042678117752075
1772574508625283800,7.318283935546875,-0.06638336181640625,0.012260794639587402,-0.1042717695236206
1772574508635220000,7.328219970703125,-0.013272285461425781,-0.038460731506347656,-0.11496925354003906
1772574508645154800,7.33815478515625,-0.0034227371215820312,-0.04598093032836914,-0.1114012598991394
1772574508655058000,7.348057861328125,-0.01713848114013672,-0.021143317222595215,-0.060160160064697266
1772574508664989700,7.35798974609375,-0.07767677307128906,-0.02050459384918213,-0.019149363040924072
1772574508674950000,7.367949951171875,-0.12781715393066406,0.0038570165634155273,-0.007182717323303223
1772574508684884500,7.377884521484375,-0.10656261444091797,0.00962376594543457,-0.014092504978179932
1772574508694809300,7.387809326171875,-0.09512710571289062,-0.0030182600021362305,-0.01595062017440796
1772574508704743000,7.397742919921875,-0.12627792358398438,-0.04780113697052002,-0.002837836742401123
1772574508714673200,7.407673095703125,-0.1381683349609375,-0.039044737815856934,0.010545551776885986
1772574508724606200,7.417606201171875,-0.1264352798461914,-0.019726276397705078,0.024382591247558594
1772574508734540500,7.42754052734375,-0.03973102569580078,-0.013643264770507812,0.03309285640716553
1772574508744473900,7.437473876953125,0.01248931884765625,-0.0028450489044189453,-0.04398667812347412
1772574508754409000,7.447408935546875,-0.011484146118164062,-0.03514218330383301,-0.08288031816482544
1772574508764342500,7.457342529296875,-0.044526100158691406,-0.03398442268371582,0.1041070818901062
1772574508774271200,7.467271240234375,-0.1053009033203125,0.038559794425964355,0.1664886474609375
1772574508784204300,7.477204345703125,-0.12749004364013672,0.03625190258026123,0.08823329210281372
1772574508794136000,7.487135986328125,-0.14472579956054688,0.012166142463684082,0.022043228149414062
1772574508804068900,7.49706884765625,-0.12411308288574219,0.0179365873336792,0.03289687633514404
1772574508814010000,7.507010009765625,-0.0757436752319336,0.02944934368133545,-0.003676176071166992
1772574508823943700,7.516943603515625,0.08473968505859375,0.01772308349609375,0.0023365020751953125
1772574508833864700,7.52686474609375,0.2661466598510742,0.015085697174072266,0.008023440837860107
1772574508843797200,7.53679736328125,0.3788328170776367,0.024507522583007812,0.01299142837524414
1772574508853729800,7.546729736328125,0.4570465087890625,0.016736745834350586,0.0037520527839660645
1772574508863662300,7.556662353515625,0.3790168762207031,0.019998550415039062,0.02821815013885498
1772574508873601300,7.566601318359375,0.21791744232177734,0.05383443832397461,0.03001779317855835
1772574508883534300,7.576534423828125,0.05496501922607422,0.07699978351593018,0.04233503341674805
1772574508893463000,7.586463134765625,-0.03942394256591797,0.04859662055969238,0.04974818229675293
1772574508903395600,7.5963955078125,-0.03351306915283203,-0.0018715858459472656,0.03780090808868408
1772574508913336600,7.606336669921875,-0.023057937622070312,-0.008828997611999512,0.030347347259521484
1772574508923270100,7.616270263671875,-0.026933670043945312,-0.015784502029418945,0.0035518407821655273
1772574508933190100,7.626190185546875,-0.040203094482421875,-0.04166364669799805,-0.00017452239990234375
1772574508943122200,7.6361220703125,-0.025007247924804688,-0.06752431392669678,0.000052928924560546875
1772574508953060400,7.646060302734375,-0.05712318420410156,-0.07932555675506592,0.02803725004196167
1772574508962993200,7.6559931640625,-0.13104820251464844,-0.09624683856964111,0.03139543533325195
1772574508972925000,7.665925048828125,-0.21788597106933594,-0.08924806118011475,0.06283533573150635
1772574508982857700,7.675857666015625,-0.2798643112182617,-0.07175576686859131,0.056357741355895996
1772574508992792300,7.685792236328125,-0.25629329681396484,-0.03851187229156494,0.05951845645904541
1772574509002725400,7.695725341796875,-0.18626880645751953,-0.04165339469909668,0.07199519872665405
1772574509012649500,7.7056494140625,-0.18815135955810547,-0.057729244232177734,0.08943933248519897
1772574509022581500,7.71558154296875,-0.1524648666381836,-0.03464865684509277,0.06925112009048462
1772574509032514300,7.725514404296875,-0.06574249267578125,-0.03447091579437256,0.044228434562683105
1772574509042446300,7.7354462890625,0.024198532104492188,-0.02466416358947754,0.04759979248046875
1772574509052384500,7.745384521484375,0.08907032012939453,-0.0008841753005981445,0.050526440143585205
1772574509062317000,7.755317138671875,0.12473583221435547,0.04054427146911621,0.06314867734909058
1772574509072222000,7.765221923828125,0.13171768188476562,0.047219276428222656,0.06174963712692261
1772574509082152000,7.77515185546875,0.12930965423583984,0.04358482360839844,0.06570905447006226
1772574509092107800,7.785107666015625,0.07049751281738281,0.04444479942321777,0.03698289394378662
1772574509102040300,7.795040283203125,0.012677192687988281,0.040384769439697266,-0.014997005462646484
1772574509111973000,7.80497314453125,-0.025429725646972656,0.03687286376953125,-0.00994640588760376
1772574509121905700,7.81490576171875,-0.006519317626953125,0.029514431953430176,0.004136025905609131
1772574509131837000,7.8248369140625,0.04498100280761719,0.0039604902267456055,0.0275266170501709
1772574509141769200,7.834769287109375,0.034420013427734375,-0.03489077091217041,0.013662338256835938
1772574509151703600,7.84470361328125,0.009907722473144531,-0.035223960876464844,0.009748101234436035
1772574509161636000,7.854635986328125,0.0329437255859375,-0.031137466430664062,-0.017430365085601807
1772574509171572500,7.864572509765625,0.05096244812011719,-0.023004651069641113,-0.03472566604614258
1772574509181505500,7.874505615234375,0.021660804748535156,-0.029859185218811035,-0.033236920833587646
1772574509191431000,7.884430908203125,-0.007081031799316406,-0.01847696304321289,-0.027278006076812744
1772574509201363200,7.89436328125,-0.07301902770996094,-0.007599592208862305,-0.040879666805267334
1772574509211275500,7.904275634765625,-0.09552860260009766,-0.0015143156051635742,-0.06417322158813477
1772574509221205800,7.914205810546875,-0.04244422912597656,0.009775519371032715,-0.035899460315704346
1772574509231163100,7.9241630859375,0.014421463012695312,0.007051229476928711,-0.04117262363433838
1772574509241096000,7.934095947265625,0.04211997985839844,0.023294925689697266,-0.017512738704681396
1772574509251028000,7.944028076171875,0.04585838317871094,0.0392531156539917,-0.021920084953308105
1772574509260960800,7.953960693359375,0.07783985137939453,0.06416928768157959,-0.021131038665771484
1772574509270895900,7.963895751953125,0.10938262939453125,0.059514522552490234,-0.020555973052978516
1772574509280829000,7.973828857421875,0.10749340057373047,0.07767617702484131,-0.0017592310905456543
1772574509290759700,7.983759765625,0.04922676086425781,0.06167030334472656,0.011814415454864502
1772574509300692700,7.993692626953125,-0.017431259155273438,0.0504460334777832,0.02086728811264038
1772574509310625300,8.003625244140625,-0.02177143096923828,0.049250125885009766,0.04453480243682861
1772574509320558000,8.01355810546875,0.0022115707397460938,0.04369640350341797,0.03069061040878296
1772574509330466300,8.02346630859375,0.02579498291015625,0.01468503475189209,-0.006480574607849121
1772574509340396500,8.033396484375,0.044274330139160156,0.00490570068359375,0.008587956428527832
1772574509350331100,8.0433310546875,0.053092002868652344,0.008718252182006836,0.037241995334625244
1772574509360262000,8.053261962890625,0.03827190399169922,-0.021103262901306152,0.04156148433685303
1772574509370229000,8.06322900390625,-0.009218215942382812,-0.02729356288909912,0.026874542236328125
1772574509380163300,8.073163330078126,-0.08890247344970703,-0.014346480369567871,0.007710933685302734
1772574509390094300,8.08309423828125,-0.09672069549560547,-0.015252113342285156,0.01669156551361084
1772574509400028400,8.0930283203125,-0.03388023376464844,-0.0248488187789917,0.03475075960159302
1772574509409932800,8.102932861328124,0.004305839538574219,-0.028859496116638184,0.048127174377441406
1772574509419864000,8.112864013671874,0.023047447204589844,-0.03732466697692871,0.014873206615447998
1772574509429787400,8.122787353515625,0.013242721557617188,-0.04083287715911865,0.0343816876411438
1772574509439717600,8.132717529296874,0.02712726593017578,-0.025533676147460938,0.020228147506713867
1772574509449688300,8.142688232421875,0.07373619079589844,-0.020099163055419922,0.001212775707244873
1772574509459622700,8.15262255859375,0.053694725036621094,-0.010234236717224121,0.001674354076385498
1772574509469522700,8.162522705078125,0.019853591918945312,0.018293023109436035,0.0161399245262146
1772574509479453400,8.172453369140625,0.02421855926513672,0.018208861351013184,0.020771801471710205
1772574509489394200,8.182394287109375,0.052056312561035156,0.027651429176330566,0.001997232437133789
1772574509499326200,8.192326171875,0.093536376953125,0.02288198471069336,-0.007197022438049316
1772574509509283300,8.202283447265625,0.12968730926513672,0.008069992065429688,0.030646800994873047
1772574509519218000,8.212218017578126,0.10889720916748047,-0.026450395584106445,0.025860488414764404
1772574509529110500,8.222110595703125,0.036795616149902344,-0.01872849464416504,-0.0064223408699035645
1772574509539040800,8.232040771484375,-0.0011129379272460938,-0.025276660919189453,-0.004812717437744141
1772574509549007600,8.242007568359375,-0.033759117126464844,-0.026618480682373047,0.010484933853149414
1772574509558941400,8.25194140625,-0.07078742980957031,-0.01709878444671631,0.0060980916023254395
1772574509568865300,8.261865234375,-0.0791463851928711,0.003496408462524414,0.030349254608154297
1772574509578798300,8.27179833984375,-0.08287525177001953,-0.0119858980178833,0.04972642660140991
1772574509588742400,8.281742431640625,-0.08200263977050781,-0.011533617973327637,0.031375765800476074
1772574509598676500,8.291676513671876,-0.03408527374267578,-0.04824519157409668,0.0043389201164245605
1772574509608600000,8.30160009765625,0.027248382568359375,-0.07093572616577148,-0.012844383716583252
1772574509618533000,8.311533203125,0.050029754638671875,-0.05238914489746094,-0.016241490840911865
1772574509628460800,8.321460693359375,0.08205318450927734,-0.026768922805786133,-0.015412688255310059
1772574509638393300,8.331393310546876,0.07136344909667969,-0.027346253395080566,-0.034361183643341064
1772574509648327700,8.34132763671875,0.037438392639160156,0.02236342430114746,0.0027925968170166016
1772574509658260200,8.35126025390625,0.013611793518066406,0.013541936874389648,0.01539379358291626
1772574509668200700,8.36120068359375,-0.0709676742553711,0.013807892799377441,0.01841503381729126
1772574509678134000,8.371134033203125,-0.0976419448852539,0.02841472625732422,0.012195467948913574
1772574509688055000,8.381054931640625,-0.05800056457519531,0.02896702289581299,0.010601341724395752
1772574509697987300,8.3909873046875,-0.052028656005859375,0.015395283699035645,0.0413132905960083
1772574509707905500,8.400905517578124,-0.06502628326416016,0.0073882341384887695,0.06734699010848999
1772574509717836300,8.410836181640626,-0.02606964111328125,0.005224704742431641,0.04676413536071777
1772574509727782000,8.420781982421875,0.02634906768798828,-0.005711674690246582,0.013215482234954834
1772574509737714200,8.430714111328125,0.021480560302734375,-0.002259373664855957,0.014556348323822021
1772574509747660500,8.44066064453125,-0.025678634643554688,0.034567832946777344,0.05440241098403931
1772574509757594400,8.450594482421875,-0.03442096710205078,0.03404057025909424,0.014577686786651611
1772574509767516700,8.4605166015625,-0.0007877349853515625,0.03444802761077881,-0.02034395933151245
1772574509777449200,8.47044921875,0.09808731079101562,-0.030783534049987793,-0.03226804733276367
1772574509787376400,8.48037646484375,0.1248321533203125,-0.07211077213287354,0.013275682926177979
1772574509797308400,8.490308349609375,0.07121944427490234,-0.06187427043914795,-0.012289822101593018
1772574509807245300,8.500245361328124,0.056212425231933594,-0.057228803634643555,-0.033334970474243164
1772574509817177900,8.510177734375,0.06030750274658203,-0.06700241565704346,0.011764883995056152
1772574509827107300,8.520107421875,0.0031452178955078125,-0.04836118221282959,0.014036774635314941
1772574509837039400,8.530039306640624,-0.04367351531982422,-0.03934013843536377,0.020791292190551758
1772574509846973200,8.53997314453125,-0.08980751037597656,-0.04420053958892822,-0.010851263999938965
1772574509856905500,8.549905517578125,-0.10232925415039062,-0.03916025161743164,-0.009911715984344482
1772574509866840300,8.55984033203125,0.0030050277709960938,-0.03391003608703613,0.018849194049835205
1772574509876772900,8.56977294921875,0.08309268951416016,-0.0431821346282959,0.05673658847808838
1772574509886701800,8.579701904296876,0.10074043273925781,-0.010718822479248047,0.0893966555595398
1772574509896634000,8.589634033203126,0.03351306915283203,-0.008418440818786621,-0.09972929954528809
1772574509906566400,8.59956640625,-0.046715736389160156,0.008009076118469238,-0.026628553867340088
1772574509916498400,8.60949853515625,-0.012806892395019531,0.029660820960998535,0.07207268476486206
1772574509926434300,8.619434326171875,-0.05008888244628906,0.02313995361328125,0.005094051361083984
1772574509936366800,8.629366943359376,-0.10557174682617188,0.027135610580444336,0.016353845596313477
1772574509946273300,8.639273193359376,-0.16495037078857422,0.05100250244140625,0.03242975473403931
1772574509956203300,8.649203369140626,-0.19057464599609375,0.07099306583404541,-0.013534605503082275
1772574509966176500,8.659176513671875,-0.102996826171875,0.05853605270385742,-0.022722303867340088
1772574509976111000,8.669111083984374,-0.05467796325683594,0.013732314109802246,0.009540200233459473
1772574509986028000,8.679028076171875,-0.06841468811035156,-0.011280536651611328,0.05050814151763916
1772574509995960600,8.688960693359375,-0.11486244201660156,-0.035941481590270996,0.006186246871948242
1772574510005903400,8.6989033203125,-0.10879135131835938,-0.045459628105163574,-0.022971034049987793
1772574510015798300,8.70879833984375,-0.02753925323486328,-0.02581000328063965,0.01945352554321289
1772574510025724000,8.718723876953124,0.052392005920410156,-0.015596628189086914,0.04322594404220581
1772574510035645000,8.72864501953125,0.0557098388671875,-0.0290755033493042,0.05792289972305298
1772574510045578500,8.73857861328125,0.08257198333740234,-0.04249286651611328,0.03044891357421875
1772574510075408100,8.768408203125,0.13237762451171875,-0.02926802635192871,-0.06281536817550659
1772574510085346300,8.77834619140625,0.08767318725585938,-0.0032906532287597656,-0.050928473472595215
1772574510095280400,8.7882802734375,0.05317878723144531,-0.0017150640487670898,-0.034567177295684814
1772574510105215500,8.798215576171875,0.052204132080078125,-0.0001653432846069336,-0.03280526399612427
1772574510115108400,8.8081083984375,0.07475090026855469,0.029996752738952637,-0.0356978178024292
1772574510125042400,8.81804248046875,0.07341766357421875,0.02177882194519043,-0.04306763410568237
1772574510154845700,8.847845703125,-0.05462074279785156,0.028748154640197754,-0.02707958221435547
1772574510174745000,8.8677451171875,-0.0014829635620117188,0.05122077465057373,-0.012460112571716309
1772574510184682200,8.87768212890625,0.026643753051757812,0.03432309627532959,-0.028852462768554688
1772574510194605800,8.887605712890625,0.0071926116943359375,0.031620144844055176,-0.036171793937683105
1772574510204541400,8.89754150390625,0.00689697265625,0.04769110679626465,-0.01532834768295288
1772574510214481700,8.907481689453125,-0.03578948974609375,0.04967951774597168,-0.004035651683807373
1772574510224417800,8.917417724609376,-0.030763626098632812,0.038135409355163574,0.006901919841766357
1772574510234339800,8.92733984375,-0.025882720947265625,0.03172028064727783,-0.011052250862121582
1772574510244274700,8.937274658203124,-0.025804519653320312,-0.012537717819213867,-0.015160679817199707
1772574510254205400,8.947205322265624,-0.025678634643554688,-0.02398812770843506,-0.09992790222167969
1772574510264139800,8.957139892578125,-0.05383491516113281,-0.02620398998260498,-0.08531057834625244
1772574510274077400,8.967077392578124,-0.03916645050048828,-0.019315361976623535,0.01775270700454712
1772574510284012000,8.977011962890625,-0.029384613037109375,-0.02226078510284424,0.048872530460357666
1772574510293930800,8.9869306640625,-0.038542747497558594,-0.011025428771972656,0.033104896545410156
1772574510303863800,8.99686376953125,-0.019288063049316406,-0.01860058307647705,0.022721409797668457
1772574510313773600,9.006773681640626,0.04202842712402344,-0.03064560890197754,0.0315699577331543
1772574510323704300,9.016704345703126,0.08357906341552734,-0.019252777099609375,0.01742023229598999
1772574510333638000,9.026637939453124,0.03978443145751953,-0.03668713569641113,0.018359482288360596
1772574510343569200,9.036569091796874,-0.003276824951171875,-0.006821751594543457,-0.013743758201599121
1772574510353527800,9.04652783203125,0.006060600280761719,0.013651728630065918,-0.04128330945968628
1772574510363461600,9.056461669921875,0.05282020568847656,0.029683470726013184,-0.035695433616638184
1772574510373393200,9.06639306640625,0.11290550231933594,0.027007699012756348,-0.03461885452270508
1772574510383326700,9.07632666015625,0.12497234344482422,0.028969526290893555,-0.047003865242004395
1772574510393251600,9.08625146484375,0.1887035369873047,0.05371975898742676,-0.03105473518371582
1772574510403184000,9.09618408203125,0.18083667755126953,0.04416072368621826,-0.02022463083267212
1772574510413124400,9.106124267578124,0.12616252899169922,0.03814387321472168,-0.009596645832061768
1772574510423058000,9.116057861328125,0.03480815887451172,0.07839834690093994,-0.02771151065826416
1772574510432987000,9.12598681640625,-0.007951736450195312,0.06586980819702148,-0.0037746429443359375
1772574510442920000,9.135919921875,-0.031148910522460938,0.039214134216308594,-0.003892183303833008
1772574510452851700,9.145851806640625,-0.016303062438964844,0.060004472732543945,-0.004287540912628174
1772574510462784500,9.155784423828125,-0.015824317932128906,0.0849311351776123,0.03275620937347412
1772574510472715000,9.165715087890625,-0.07176399230957031,0.08560621738433838,0.046355605125427246
1772574510482647600,9.1756474609375,-0.12669658660888672,0.06275105476379395,0.07479441165924072
1772574510492563000,9.18556298828125,-0.15720272064208984,0.0598682165145874,0.06105184555053711
1772574510502494000,9.195493896484376,-0.14962005615234375,0.010883331298828125,0.0148276686668396
1772574510512445400,9.205445556640624,-0.13286590576171875,-0.017520904541015625,-0.016663849353790283
1772574510522378200,9.215378173828125,-0.08828544616699219,-0.002369999885559082,-0.05314755439758301
1772574510532284200,9.2252841796875,-0.025618553161621094,-0.02526724338531494,-0.042175114154815674
1772574510542214400,9.23521435546875,-0.006328582763671875,-0.014954447746276855,-0.016902148723602295
1772574510552166400,9.24516650390625,0.012692451477050781,-0.019063591957092285,-0.024539053440093994
1772574510562099000,9.255098876953125,0.05964469909667969,-0.046571969985961914,-0.027277052402496338
1772574510572017400,9.265017333984375,0.08702945709228516,-0.041181325912475586,-0.04422050714492798
1772574510581948400,9.274948486328125,0.09990501403808594,-0.03657674789428711,-0.03742563724517822
1772574510591879400,9.28487939453125,0.0890359878540039,-0.05620408058166504,-0.07383698225021362
1772574510601810400,9.294810546875,0.08308219909667969,-0.062216758728027344,-0.07282376289367676
1772574510611757800,9.3047578125,0.05371570587158203,-0.04501008987426758,-0.02025812864303589
1772574510621690600,9.314690673828125,-0.02219390869140625,-0.032878994941711426,0.008414983749389648
1772574510631615200,9.324615234375,-0.09216976165771484,-0.04847884178161621,-0.005241572856903076
1772574510641547000,9.334547119140625,-0.06219673156738281,-0.058440327644348145,-0.014209389686584473
1772574510651476000,9.34447607421875,0.037789344787597656,-0.06304049491882324,-0.023755192756652832
1772574510661407700,9.35440771484375,0.12198543548583984,-0.039630770683288574,0.03235262632369995
1772574510671347700,9.36434765625,0.12955856323242188,-0.01741790771484375,0.04544919729232788
1772574510681280300,9.3742802734375,0.07593727111816406,-0.0057713985443115234,0.026005983352661133
1772574510701137400,9.394137451171876,-0.02802562713623047,0.016936898231506348,0.02761739492416382
1772574510711068400,9.404068359375,-0.036540985107421875,0.032727718353271484,0.05677485466003418
1772574510721000200,9.414000244140626,0.016234397888183594,0.03456544876098633,0.057039856910705566
1772574510730961200,9.423961181640625,-0.0024290084838867188,0.04131734371185303,0.08201587200164795
1772574510740895700,9.433895751953125,-0.04900360107421875,-0.008390307426452637,0.027097046375274658
1772574510750831000,9.4438310546875,-0.06653022766113281,-0.01521909236907959,0.010525107383728027
1772574510760765700,9.453765625,-0.11201953887939453,-0.04558563232421875,-0.010693073272705078
1772574510770663700,9.46366357421875,-0.10032272338867188,-0.028167247772216797,0.005476057529449463
1772574510780594700,9.4735947265625,-0.041835784912109375,-0.03429591655731201,0.03939950466156006
1772574510790555100,9.48355517578125,-0.012594223022460938,-0.026084423065185547,0.04914045333862305
1772574510800489000,9.493489013671875,-0.04035663604736328,-0.01319587230682373,0.006921827793121338
1772574510810396000,9.50339599609375,-0.06300830841064453,-0.009625434875488281,0.021618127822875977
1772574510820327200,9.5133271484375,-0.07597732543945312,-0.02884817123413086,0.007630348205566406
1772574510830285000,9.52328515625,-0.05115318298339844,-0.037621140480041504,0.017331182956695557
1772574510840219000,9.533218994140626,-0.012725830078125,-0.04082775115966797,0.0077454447746276855
1772574510850149400,9.5431494140625,0.029705047607421875,-0.034161925315856934,0.01224428415298462
1772574510860083000,9.5530830078125,0.024372100830078125,-0.02302384376525879,0.007416367530822754
1772574510870019600,9.56301953125,0.01911640167236328,-0.016704440116882324,0.03559368848800659
1772574510879953400,9.572953369140626,0.004543304443359375,0.01766049861907959,0.0491756796836853
1772574510889859800,9.58285986328125,0.018471717834472656,0.01358044147491455,0.0246620774269104
1772574510899790800,9.592790771484376,0.04629325866699219,0.023705005645751953,0.02882009744644165
1772574510909750000,9.60275,0.04540443420410156,0.0008126497268676758,0.03312194347381592
1772574510919684000,9.61268408203125,0.011639595031738281,0.0062743425369262695,0.033081114292144775
1772574510929583400,9.622583251953126,0.006710052490234375,-0.011983990669250488,0.03316295146942139
1772574510939513600,9.632513671875,0.01597309112548828,0.007431149482727051,-0.01915210485458374
1772574510949476600,9.6424765625,-0.0031995773315429688,0.021706223487854004,-0.05227696895599365
1772574510959410400,9.652410400390625,0.024999618530273438,0.0027403831481933594,-0.02880650758743286
1772574510969339400,9.66233935546875,0.010396957397460938,0.01694190502166748,-0.0006278753280639648
1772574510979272400,9.6722724609375,-0.022768020629882812,0.021389126777648926,-0.015095412731170654
1772574510989205500,9.68220556640625,-0.0694742202758789,-0.007407426834106445,0.008435606956481934
1772574510999138800,9.692138916015624,-0.03539276123046875,-0.002663254737854004,0.007729887962341309
1772574511009037300,9.702037353515625,-0.0018892288208007812,-0.007097721099853516,0.021487832069396973
1772574511018947600,9.711947509765626,-0.011295318603515625,-0.04420924186706543,0.026212632656097412
1772574511028909300,9.721909423828125,-0.0016832351684570312,-0.038112521171569824,0.017351746559143066
1772574511038842600,9.731842529296875,-0.011073112487792969,-0.03662681579589844,0.02296268939971924
1772574511048776000,9.74177587890625,0.02677631378173828,-0.030357003211975098,0.01916360855102539
1772574511068641300,9.761641357421874,0.03120708465576172,-0.017875313758850098,0.04133296012878418
1772574511078572000,9.771572021484374,0.0637674331665039,-0.01619136333465576,0.06753647327423096
1772574511088504800,9.7815048828125,0.1100473403930664,-0.04272747039794922,0.14208108186721802
1772574511098433300,9.791433349609376,0.06660270690917969,-0.08464586734771729,0.13900548219680786
1772574511108365800,9.80136572265625,-0.032340049743652344,-0.010284662246704102,-0.11326414346694946
1772574511118292000,9.8112919921875,-0.13451004028320312,0.09142565727233887,-0.08042120933532715
1772574511138185700,9.831185791015624,-0.09603118896484375,0.09958291053771973,0.04151195287704468
1772574511148120600,9.84112060546875,0.032665252685546875,0.08663904666900635,-0.02646172046661377
1772574511158067700,9.851067626953125,0.2201089859008789,0.03156435489654541,-0.07334244251251221
1772574511168003800,9.86100390625,0.23025035858154297,-0.0570070743560791,-0.07382237911224365
1772574511177919000,9.8709189453125,0.22153854370117188,-0.03237426280975342,-0.03661590814590454
1772574511187853000,9.88085302734375,0.194183349609375,0.019369006156921387,0.008946239948272705
1772574511197764000,9.89076416015625,0.14852333068847656,0.05513870716094971,0.02031421661376953
1772574511207696100,9.900696044921874,0.13659381866455078,0.056504130363464355,0.06342172622680664
1772574511217664000,9.9106640625,0.20487308502197266,-0.042607665061950684,-0.005056858062744141
1772574511227599400,9.920599365234375,0.12159156799316406,-0.10502517223358154,-0.0589786171913147
1772574511237522000,9.93052197265625,-0.2092275619506836,0.009995102882385254,-0.11765170097351074
